,phone number,Churn,Churn Score
0, 354-8815, False.,0.05670717468967251
1, 381-7211, False.,0.10580903844733922
2, 411-9481, False.,0.2365569804184132
3, 418-9100, False.,0.22737818756516534
4, 413-3643, False.,0.07665394357551
5, 375-6180, False.,0.10283283078420957
6, 348-8073, False.,0.14815005752037494
7, 359-9881, False.,0.12114732540725603
8, 353-6954, False.,0.032358046483939376
9, 403-4933, False.,0.09388963164630322
10, 360-3811, False.,0.05750417039603213
11, 353-1755, False.,0.0750629528282282
12, 372-8233, False.,0.16286273005794347
13, 371-5951, False.,0.019883048483948076
14, 381-5937, False.,0.11139197270345198
15, 357-1784, False.,0.19715699308590692
16, 350-8209, False.,0.03898882954645514
17, 400-5627, False.,0.28866972779302824
18, 365-2473, False.,0.05169064084307464
19, 357-3134, False.,0.1427604059743361
20, 396-8198, False.,0.04689017921545059
21, 382-1445, False.,0.04781022824587807
22, 391-3827, False.,0.023673440342079174
23, 365-4330, False.,0.061408543346148044
24, 328-6124, False.,0.11396358840385268
25, 328-1642, False.,0.27325552758963184
26, 419-9753, False.,0.0706207994145147
27, 413-5754, False.,0.24713310326433124
28, 373-8390, False.,0.1271808207970174
29, 359-5139, False.,0.08101616908920187
30, 359-8799, False.,0.17915947511380997
31, 416-8332, False.,0.08028030203256573
32, 350-4349, False.,0.07783027469030421
33, 369-6937, False.,0.10985938376074134
34, 413-9854, False.,0.12100039564537075
35, 392-3989, False.,0.12657776180970975
36, 378-8356, True.,0.08754113533478165
37, 334-9483, False.,0.17089707761700132
38, 329-1253, False.,0.14840005258404973
39, 376-8749, True.,0.45186078486985803
40, 403-2167, True.,0.4577924190660649
41, 399-2766, False.,0.015396891763669224
42, 365-5972, False.,0.05889999046874796
43, 398-6972, True.,0.24813189652140247
44, 387-4946, False.,0.13100816047725308
45, 390-1881, False.,0.09875958876047138
46, 412-5272, False.,0.1623177545101706
47, 381-5680, False.,0.2136562673934126
48, 420-6493, False.,0.06667292040465268
49, 388-2010, True.,0.26828341695525265
50, 358-4056, False.,0.5938764725162945
51, 330-7635, False.,0.07291126094416771
52, 392-2572, False.,0.05817234239725378
53, 420-6548, False.,0.13208527286640107
54, 373-7432, False.,0.07505755079373953
55, 385-9556, False.,0.15219943494625798
56, 365-6692, False.,0.06392018843269262
57, 416-7735, False.,0.19086116626235705
58, 379-6824, False.,0.04525931384479423
59, 364-1015, False.,0.197207630578608
60, 419-2100, False.,0.024046313820698648
61, 354-7187, False.,0.031232676044018606
62, 341-8937, True.,0.3879865347635718
63, 349-6523, False.,0.20508960759229078
64, 344-9632, False.,0.06024689656412549
65, 410-6396, False.,0.10590014800378554
66, 409-7595, False.,0.07794898910228334
67, 412-1338, False.,0.12411384202278743
68, 388-9782, False.,0.17982833726455325
69, 352-2984, False.,0.06911059568231927
70, 364-1173, False.,0.12118797647064947
71, 363-3364, False.,0.17605698234586473
72, 369-7164, False.,0.15624151870203906
73, 332-1979, False.,0.06914803614522594
74, 346-6439, False.,0.04444706106817919
75, 335-9578, False.,0.06962440727393494
76, 381-8901, True.,0.06961977646639561
77, 412-7113, False.,0.020630405362462752
78, 384-3793, False.,0.06833226302186161
79, 402-8337, False.,0.35314357566242177
80, 373-1223, True.,0.0539264056845448
81, 332-5607, False.,0.0403520297282119
82, 387-9616, False.,0.22543442210050071
83, 418-2714, False.,0.20377940888715074
84, 375-3233, False.,0.13508533538316883
85, 367-9965, False.,0.03983993328985175
86, 413-6097, False.,0.0681350690945687
87, 352-7899, False.,0.17507448639629583
88, 402-2085, True.,0.2649891068821099
89, 329-9151, False.,0.03444403660462442
90, 328-9400, False.,0.11531085186241487
91, 339-8651, False.,0.15215296382284343
92, 394-8091, False.,0.017214528821409128
93, 335-5130, False.,0.044022919754500546
94, 386-1651, False.,0.05144262840320083
95, 380-5194, True.,0.3660879375756199
96, 391-4172, False.,0.07581622803539319
97, 331-2913, False.,0.15671809059046934
98, 346-7021, False.,0.011801585996869647
99, 387-6453, False.,0.12290215198293164
100, 351-4935, False.,0.3050317474620842
101, 407-1209, False.,0.19817025407952793
102, 394-5444, False.,0.11998311165199292
103, 390-6701, False.,0.10139083002112684
104, 335-5154, False.,0.02866827563237671
105, 420-8847, False.,0.055984145153686216
106, 338-8582, True.,0.3243026412861497
107, 405-5324, False.,0.05621916261195655
108, 351-3597, False.,0.29448330554401064
109, 384-7176, True.,0.207464182247137
110, 361-7956, False.,0.11290551984456576
111, 376-5086, False.,0.06436597512528758
112, 327-8514, False.,0.02597110143800766
113, 358-3379, False.,0.1421734634725682
114, 397-9004, False.,0.17784508353937833
115, 355-9594, False.,0.1178259767753688
116, 354-5247, False.,0.04733357112223328
117, 349-3217, False.,0.0697858009417277
118, 382-9474, False.,0.1100691175852328
119, 353-2065, True.,0.5428901401500307
120, 346-8648, False.,0.13157101235114047
121, 373-6463, False.,0.1428988737087
122, 408-6003, False.,0.12205780539202146
123, 329-9540, False.,0.04899866715533508
124, 348-5830, True.,0.3440578163006374
125, 373-1550, False.,0.17281882267605336
126, 381-9368, False.,0.08554063402868677
127, 407-1073, False.,0.13084271170802964
128, 379-8877, True.,0.3892677984064284
129, 342-7045, False.,0.15952004605967884
130, 357-9659, False.,0.15856151143134023
131, 398-8386, False.,0.06801678879370823
132, 417-1779, False.,0.0746092045518399
133, 329-5479, False.,0.16690704097729397
134, 353-7361, False.,0.05329706287192256
135, 392-8993, True.,0.0954107077145747
136, 374-5952, False.,0.13733933781872965
137, 348-1875, False.,0.1686618437464909
138, 347-3893, False.,0.07513757347053142
139, 420-2897, False.,0.063667858159193
140, 375-1390, False.,0.06836361364781818
141, 401-5724, False.,0.05026251299757241
142, 399-7761, False.,0.15329342739624752
143, 363-6957, False.,0.14500919852749034
144, 407-5051, False.,0.21770222495513453
145, 391-1432, False.,0.11576324010335694
146, 399-5446, False.,0.07758710273278704
147, 344-7590, False.,0.13253983916365544
148, 387-3219, False.,0.10577137581733868
149, 393-7267, True.,0.05969529861676497
150, 358-3041, False.,0.024160870532005604
151, 414-7988, False.,0.07981686760209362
152, 390-3956, False.,0.10246689033543038
153, 359-5574, True.,0.38511138824637925
154, 364-4223, True.,0.07142503488647128
155, 403-2567, False.,0.13770824125236672
156, 412-3244, False.,0.11476542967626899
157, 380-1823, False.,0.11780826395207064
158, 368-7612, False.,0.030355665932179785
159, 359-5651, False.,0.15592689344714689
160, 367-6020, False.,0.06185498684129426
161, 357-1180, True.,0.44336243536497244
162, 415-7080, False.,0.17220644223561218
163, 411-8186, False.,0.18390649321689534
164, 410-9584, False.,0.5487789587302198
165, 388-2278, True.,0.3599910745462846
166, 413-8889, False.,0.1193794102560461
167, 411-9489, False.,0.028336750300527767
168, 387-8589, False.,0.09645806332102975
169, 336-7059, False.,0.06832197059217043
170, 354-7423, False.,0.06810537730561457
171, 349-6216, False.,0.1299622388634313
172, 399-2948, False.,0.08940050222260726
173, 327-2040, False.,0.20890888272047062
174, 336-9545, False.,0.06345438275733772
175, 358-6530, False.,0.11641381581369878
176, 406-8182, False.,0.047134636913208475
177, 354-7753, False.,0.11795399529486787
178, 405-8712, False.,0.15255849096848995
179, 344-7222, False.,0.02941631706894555
180, 385-9991, False.,0.03455460543074788
181, 338-2380, False.,0.15009896117833493
182, 341-9546, False.,0.12397050349702946
183, 380-3546, False.,0.07638874511579362
184, 339-9316, False.,0.12713114047407326
185, 399-6809, False.,0.2354291607727056
186, 418-8226, False.,0.26937549136586997
187, 350-7491, False.,0.10487157085280868
188, 406-5761, False.,0.034805480576212126
189, 390-9380, False.,0.03733556618306032
190, 403-2262, False.,0.062799124723996
191, 371-2649, False.,0.045996651729334384
192, 378-9221, True.,0.41407875782795
193, 350-5500, False.,0.22311126624980784
194, 364-8776, False.,0.06415561222434242
195, 414-9745, False.,0.05666767659577101
196, 414-2742, False.,0.13380676195253205
197, 400-7057, False.,0.2607559691123677
198, 379-2790, False.,0.07729945587091892
199, 345-3986, False.,0.22889926736038002
200, 370-2864, False.,0.022947456434632453
201, 410-3396, False.,0.07139691763598147
202, 398-2585, False.,0.02495130268478246
203, 397-1039, False.,0.08595646920449154
204, 413-7801, False.,0.12172031074826443
205, 372-7067, False.,0.378746354220173
206, 389-5705, False.,0.048149699916038714
207, 389-3015, True.,0.7824627312640897
208, 335-1201, False.,0.17838164523435418
209, 393-4261, False.,0.11917178513878976
210, 339-8534, False.,0.2074255175178083
211, 342-3748, False.,0.07278185665720799
212, 378-2599, False.,0.09920790299579627
213, 329-4592, True.,0.3730544284804606
214, 337-2326, False.,0.19821986808496858
215, 363-4527, True.,0.21336111850843334
216, 354-3619, True.,0.04143052354281491
217, 371-1014, False.,0.5498429139442665
218, 383-3933, True.,0.0431658717834963
219, 403-3365, False.,0.10656857173521618
220, 383-6272, False.,0.14057187493911794
221, 411-4648, True.,0.06068304395045221
222, 385-2739, True.,0.6362123191196489
223, 385-5290, False.,0.21884963759199547
224, 341-7698, False.,0.059600496621461635
225, 391-1811, False.,0.06371205827661384
226, 340-9582, False.,0.11473605078173249
227, 338-2617, False.,0.11003351056782086
228, 403-1671, False.,0.3356412581056958
229, 371-1011, False.,0.059988345498778815
230, 407-1032, False.,0.2246004275328708
231, 389-6900, False.,0.27951656183919693
232, 383-1564, False.,0.1543286777925885
233, 387-7614, False.,0.10235336149036146
234, 394-9346, False.,0.11349903284534114
235, 383-4357, False.,0.026614837467597113
236, 370-5536, False.,0.07038884122613359
237, 350-9230, False.,0.07307928279686314
238, 402-1606, False.,0.0705889444430197
239, 337-5061, False.,0.4213010617296066
240, 364-3666, False.,0.055562890981410144
241, 405-7304, False.,0.09459694570248811
242, 330-9962, False.,0.2556602127300318
243, 363-7905, False.,0.5769224236624033
244, 394-8999, False.,0.14123426961259852
245, 384-7345, False.,0.03740501014128256
246, 353-1663, False.,0.11725593240944185
247, 334-9743, False.,0.07104894920491796
248, 360-9875, False.,0.2471010357278791
249, 420-8636, False.,0.05098964771142425
250, 419-9987, False.,0.11497357663253441
251, 348-7665, False.,0.3356761666623965
252, 385-1622, True.,0.04375441065572128
253, 420-1947, False.,0.2095786762904082
254, 398-1652, True.,0.24601056149262188
255, 336-7455, False.,0.13981415804310998
256, 357-3348, False.,0.21702534854469496
257, 361-2109, False.,0.08331505395065093
258, 388-8387, False.,0.22505466276801084
259, 385-5360, False.,0.1236403351219194
260, 401-8190, False.,0.1439598140655806
261, 376-5407, False.,0.1881334727031017
262, 403-8396, True.,0.5504402982279057
263, 340-1717, False.,0.13408412654129484
264, 328-8215, False.,0.5503588938134346
265, 369-9640, False.,0.04094814603120126
266, 339-8936, False.,0.18959046846032007
267, 337-9335, False.,0.09103896458669153
268, 393-1579, True.,0.08007647885363939
269, 390-2346, False.,0.19150980185404218
270, 420-7382, False.,0.05954115611366156
271, 377-3148, True.,0.25366567813757784
272, 384-6572, False.,0.08473896618944873
273, 345-5735, False.,0.4520104309678627
274, 369-6749, False.,0.09299018273613004
275, 398-3190, True.,0.13538402267108735
276, 348-8049, False.,0.2603138801514064
277, 410-9800, False.,0.20506369070720284
278, 359-6897, False.,0.10303234195922152
279, 335-1240, False.,0.0862841904348386
280, 386-3542, True.,0.21805961705233437
281, 328-6797, True.,0.10689060727563365
282, 354-7284, False.,0.08534693600051796
283, 357-2431, True.,0.6521510348571828
284, 344-2491, True.,0.22921736612746083
285, 392-3084, False.,0.05734678259769477
286, 411-6568, False.,0.04632540250447324
287, 382-2999, False.,0.256027477399608
288, 339-8912, False.,0.19687763259234758
289, 402-3033, False.,0.06737028448464094
290, 400-5033, False.,0.6161450193785506
291, 355-1130, False.,0.05474202005965414
292, 357-8842, False.,0.18149010219371925
293, 375-8570, False.,0.03744589201559655
294, 391-3499, False.,0.315657226648707
295, 395-1013, True.,0.31783642670462164
296, 410-8903, False.,0.046674233849456834
297, 377-6134, True.,0.3850009590610348
298, 408-5877, False.,0.08428586707946452
299, 389-4958, False.,0.12375820285221328
300, 419-2506, False.,0.05090799930019273
301, 358-3522, False.,0.12730979881526047
302, 333-3376, False.,0.4555119906013548
303, 393-1696, False.,0.04704247573935274
304, 340-3984, False.,0.10203233097966596
305, 367-1324, True.,0.3539528813426321
306, 396-7504, False.,0.09387865861583536
307, 422-9831, False.,0.1503208659017778
308, 413-5746, False.,0.0762556870486386
309, 408-4744, False.,0.1419679649034461
310, 412-3166, False.,0.20709212250506331
311, 376-3045, False.,0.013405910016019979
312, 333-2485, False.,0.07216768906007698
313, 358-2656, False.,0.23622028967280598
314, 411-9815, False.,0.14583364942851432
315, 339-8657, False.,0.3568174356130358
316, 416-1111, False.,0.2185333404032627
317, 415-8746, False.,0.10387900151624595
318, 384-9451, False.,0.0829520133267064
319, 383-4798, False.,0.0259669125330934
320, 378-8975, False.,0.15083848806390257
321, 336-9559, False.,0.1863128480275233
322, 407-8795, False.,0.1634772720746287
323, 395-3867, True.,0.5486330982373634
324, 344-3858, False.,0.11524734382303348
325, 339-8673, False.,0.13041994113536057
326, 391-5977, True.,0.11616597434043494
327, 346-8696, False.,0.09542311809293443
328, 404-7454, False.,0.08025480681916891
329, 410-1804, False.,0.15473896696124914
330, 373-6093, False.,0.11029377597892925
331, 379-6521, False.,0.07213766422459494
332, 403-2223, True.,0.05451663866179239
333, 418-1122, False.,0.07823188159706798
334, 420-7243, True.,0.21327594356566063
335, 352-4465, False.,0.05697287672521691
336, 392-8092, False.,0.18029886263339082
337, 354-4045, False.,0.0819808661151814
338, 380-6361, False.,0.0505159575549599
339, 379-6451, False.,0.04060895098895192
340, 418-8664, False.,0.19811522507570517
341, 420-8246, False.,0.04193692642105911
342, 408-1861, True.,0.1299823193970865
343, 343-2609, False.,0.09379606436343679
344, 352-6483, False.,0.1338708595068125
345, 409-1906, False.,0.07923991619085949
346, 345-2425, False.,0.05341492225491638
347, 384-8047, False.,0.12070399780237318
348, 383-2893, True.,0.32229031021558807
349, 327-5816, False.,0.11725582137076536
350, 420-3882, False.,0.07399659040400555
351, 332-7925, False.,0.08817591201003168
352, 327-2475, False.,0.07945280922242477
353, 397-7972, True.,0.4085139439384713
354, 416-2198, False.,0.5081430028369842
355, 365-8756, True.,0.44619969471017684
356, 366-6878, False.,0.16496827800466998
357, 354-8989, False.,0.08190841537715163
358, 393-9886, False.,0.19241687406446487
359, 410-5726, True.,0.3958923710340565
360, 361-4732, False.,0.05468066208838826
361, 354-9927, False.,0.06201907927222288
362, 386-3218, False.,0.10295697761270499
363, 415-2707, False.,0.07887243819996038
364, 405-3711, False.,0.2924319744381127
365, 410-6738, False.,0.0571661012609434
366, 367-5122, False.,0.06873321099726779
367, 412-5585, False.,0.20486697400574033
368, 355-6615, False.,0.011121757556132735
369, 389-7482, True.,0.05972924581228105
370, 378-3560, False.,0.12562675305897672
371, 350-1561, False.,0.047952866402933975
372, 382-6944, False.,0.0600160628628063
373, 385-4852, False.,0.12464509365355327
374, 403-6395, False.,0.19344803655234954
375, 391-3822, False.,0.1395818886616017
376, 374-4355, False.,0.06330402322625588
377, 375-1752, False.,0.12915851585277147
378, 359-6664, False.,0.04304943678143888
379, 332-5124, False.,0.24673119949216832
380, 417-9570, False.,0.05590427121235188
381, 390-5030, False.,0.5280078752082483
382, 354-2307, False.,0.06097790269805826
383, 371-4489, False.,0.07231384336490713
384, 401-8590, True.,0.02645894882637439
385, 386-7596, False.,0.1201466773920275
386, 331-9191, False.,0.134374768404486
387, 392-6383, False.,0.15898557821318426
388, 413-5260, False.,0.15143424345620704
389, 396-9379, False.,0.08199772422842755
390, 362-6277, False.,0.08668958168955332
391, 350-7492, False.,0.07511353009940065
392, 334-2596, False.,0.1299159523735133
393, 414-9413, False.,0.16967660062949674
394, 405-7026, False.,0.15233993142608956
395, 377-7174, False.,0.015318373374391783
396, 334-8613, False.,0.31334929679762236
397, 404-7603, False.,0.39940785354106023
398, 338-3342, False.,0.07789651435333066
399, 333-6724, False.,0.08666920520767489
400, 401-7159, True.,0.07628156373676569
401, 350-5065, False.,0.15357515644758205
402, 390-9352, False.,0.38974959666351816
403, 391-4645, False.,0.13399363514787227
404, 359-8959, False.,0.10959436247729654
405, 365-3009, True.,0.044603095373372925
406, 389-5075, False.,0.1937865905040365
407, 338-7513, False.,0.13284187097888697
408, 343-3978, False.,0.09624544206145433
409, 386-4764, False.,0.025159523249224373
410, 351-2146, False.,0.047497858622683194
411, 389-6798, False.,0.11451786828012399
412, 338-8279, False.,0.10743373898194356
413, 338-9350, True.,0.16944913846014428
414, 384-4267, False.,0.08835150589207023
415, 331-2308, False.,0.14140214200198958
416, 373-5544, False.,0.1448011635358361
417, 366-2610, False.,0.1565053828736933
418, 401-9332, False.,0.40892521075728094
419, 344-9661, False.,0.18568973090320193
420, 347-2255, False.,0.07324069193147469
421, 344-9129, True.,0.2901273943816186
422, 364-6481, False.,0.024316383883057128
423, 399-8108, False.,0.0596719060097673
424, 359-9949, False.,0.031531564021542474
425, 377-2132, False.,0.10503324437149647
426, 364-5252, False.,0.10162387816248752
427, 350-1989, False.,0.11011430629092056
428, 384-6230, False.,0.3696518517084244
429, 368-4502, False.,0.16624143575641168
430, 369-2932, False.,0.21747231213281984
431, 350-2154, False.,0.06948749747592761
432, 408-9874, False.,0.26707782179355943
433, 400-6867, False.,0.057363732976889556
434, 421-6766, False.,0.27026760358635676
435, 363-3573, False.,0.062469767494792765
436, 366-2505, True.,0.33965864297207926
437, 333-2403, False.,0.20338986329437986
438, 386-9641, False.,0.19112827938615815
439, 341-8083, False.,0.13741307143398068
440, 380-1101, False.,0.2007538609446858
441, 372-1837, False.,0.05563580375402089
442, 401-1368, False.,0.020134680022612608
443, 414-2936, False.,0.1084274963497389
444, 399-8009, False.,0.05229736287033136
445, 364-3736, False.,0.025713918969896343
446, 362-8044, False.,0.010779242855024268
447, 342-9363, False.,0.034722596303705146
448, 343-1388, False.,0.13341204918761995
449, 337-6502, False.,0.023399491530464774
450, 388-7703, False.,0.04517261063388035
451, 359-2705, False.,0.12893561160264955
452, 376-9248, False.,0.1271778218863916
453, 415-9041, False.,0.11433701126613441
454, 378-7539, False.,0.21771814005222387
455, 398-6401, False.,0.1719382077236706
456, 399-7854, False.,0.08122809937180307
457, 385-6206, False.,0.03119318187832778
458, 328-7519, False.,0.12411686072993812
459, 369-9112, True.,0.05253143513143657
460, 342-5249, False.,0.06926680209796357
461, 366-5698, False.,0.06326747131697719
462, 412-7533, False.,0.03202244770213517
463, 332-3516, False.,0.06265001038239144
464, 333-5198, False.,0.02916803908955023
465, 415-6807, False.,0.19417559682833743
466, 358-3314, False.,0.06100267134522803
467, 331-7750, False.,0.055753553291159164
468, 350-8335, False.,0.0633549512095684
469, 373-2006, False.,0.20093004832954373
470, 407-8457, True.,0.11483069563927349
471, 412-5782, False.,0.07660016653084535
472, 339-7422, False.,0.07128441614110187
473, 420-6041, False.,0.05388831570329606
474, 374-1456, False.,0.17908240774253947
475, 375-1604, False.,0.16565726166879274
476, 404-3252, False.,0.15978202549917908
477, 353-6188, False.,0.10149751382708726
478, 394-6240, False.,0.09971750238937542
479, 421-9747, False.,0.48497522179459046
480, 394-9579, False.,0.09899470686400644
481, 359-3901, False.,0.0509836933817385
482, 418-9072, False.,0.0744362000099675
483, 401-9588, False.,0.15530103196007308
484, 412-3209, False.,0.09259001111554181
485, 405-6226, False.,0.10023602818971165
486, 331-6023, False.,0.17815929371171263
487, 379-2657, False.,0.18748593378843717
488, 383-7989, False.,0.038557090367280014
489, 371-8624, True.,0.3541301564579507
490, 375-3173, False.,0.08477864278667248
491, 393-9101, False.,0.18264792706194505
492, 408-1650, False.,0.31198332154364666
493, 347-6527, False.,0.03100202213794606
494, 341-8923, False.,0.09985535505953452
495, 370-1387, False.,0.09368428399986069
496, 349-6209, False.,0.09211005845485314
497, 421-4119, False.,0.23108885390506642
498, 389-2824, False.,0.14971562763191337
499, 409-5242, False.,0.13240373668194938
500, 364-1279, False.,0.11032340859269198
501, 361-9851, False.,0.12093862187243823
502, 401-4776, False.,0.07606698173501919
503, 410-2547, False.,0.17154520030364565
504, 387-1375, False.,0.17817264341673864
505, 355-5925, False.,0.046735656161330706
506, 394-6428, False.,0.1497883776373005
507, 399-2851, False.,0.14537593960723325
508, 379-2244, True.,0.20257469390603658
509, 399-4532, False.,0.15930230759408748
510, 377-1978, False.,0.023481126901332337
511, 402-5969, False.,0.029816529084401678
512, 377-2139, False.,0.14359621737082576
513, 334-3514, False.,0.12592536190892348
514, 346-4157, True.,0.07502599721991673
515, 339-2703, False.,0.01919097985652289
516, 365-5486, False.,0.07199420846696888
517, 402-2343, False.,0.1618339487460715
518, 416-5599, True.,0.026563601136280646
519, 402-8558, True.,0.25393867105791434
520, 356-1573, False.,0.043087965597388464
521, 388-1386, True.,0.06603874345197203
522, 385-1610, False.,0.05943143014300868
523, 398-3157, False.,0.15367220589190445
524, 330-5382, False.,0.08591550510925043
525, 332-2568, False.,0.016512713933110768
526, 387-6118, False.,0.03823788508868187
527, 403-7981, False.,0.12167438297189856
528, 344-6909, False.,0.2115161289519471
529, 395-1543, False.,0.08550069202951917
530, 406-8550, False.,0.032741049094457186
531, 356-2638, False.,0.2289817892855422
532, 370-3060, False.,0.11649882949813453
533, 418-3070, False.,0.1177682879829135
534, 410-1848, False.,0.13588333023741594
535, 338-7576, True.,0.19342716498402396
536, 331-7190, False.,0.10421268501072169
537, 412-4455, False.,0.11321038041070099
538, 350-6534, False.,0.10507393506584548
539, 350-5997, False.,0.4186158541834239
540, 380-1860, True.,0.06336167152821855
541, 385-6336, False.,0.10545832792504965
542, 367-7403, False.,0.47292254681969625
543, 348-4088, False.,0.28918167639720643
544, 403-7828, False.,0.016323895621274554
545, 410-5934, False.,0.029291395685286964
546, 412-6547, False.,0.4645414055510684
547, 356-3997, False.,0.01857696307190762
548, 399-7881, False.,0.08376808770591798
549, 344-6590, False.,0.04432382898320248
550, 391-9577, False.,0.13417306202705273
551, 358-2313, False.,0.20781507747554995
552, 403-8605, False.,0.13656198730546754
553, 400-6146, False.,0.13674587070677824
554, 352-8208, False.,0.1352619475226301
555, 374-2532, False.,0.05496833822449148
556, 375-1948, False.,0.08914103991075392
557, 333-6830, False.,0.0911963952930746
558, 380-6612, False.,0.13822536548691325
559, 413-5903, False.,0.12051631902602265
560, 334-4951, False.,0.06161609213797449
561, 361-4439, False.,0.13180538830918556
562, 372-5924, False.,0.0950079557829588
563, 396-6046, False.,0.07239508840949847
564, 364-2177, False.,0.08903587833539935
565, 396-8804, False.,0.03141222260961617
566, 382-5328, False.,0.19282813715238678
567, 383-4867, False.,0.24808796811253747
568, 341-9387, True.,0.37545684035939203
569, 335-4603, False.,0.1382327109958213
570, 361-5581, False.,0.06764040956864865
571, 417-6460, False.,0.057430384797467905
572, 397-6978, False.,0.16601660385052755
573, 395-1632, False.,0.1144786449045469
574, 342-5216, False.,0.04192345214461209
575, 359-8717, False.,0.25054796597432394
576, 372-8097, True.,0.4911825301004624
577, 355-4598, False.,0.06635193547823365
578, 395-6285, False.,0.09573931935742587
579, 417-8487, False.,0.14547437881935277
580, 413-3922, False.,0.0428498881873344
581, 348-9777, False.,0.10503321223917775
582, 403-6319, False.,0.19839464733767023
583, 373-8655, True.,0.5039435743848113
584, 376-6485, False.,0.04944458368201237
585, 377-4669, False.,0.16254720302508258
586, 387-1110, False.,0.06706592379318305
587, 399-3758, False.,0.09825723074999977
588, 362-7200, False.,0.0834071342970331
589, 369-6950, False.,0.04084133059069002
590, 420-8171, False.,0.14978960583324194
591, 388-7109, False.,0.0922786917743587
592, 329-2539, False.,0.13562841878457735
593, 409-2188, False.,0.04227485522642374
594, 341-5178, False.,0.058896364862729964
595, 382-9271, False.,0.16997004051946005
596, 410-4408, False.,0.1386202861194863
597, 416-9571, False.,0.14321432518564847
598, 410-1505, True.,0.3508812100159822
599, 329-8143, True.,0.03669433372979479
600, 343-1137, False.,0.03386188629526191
601, 389-1031, False.,0.11868417784462562
602, 357-9596, False.,0.08516559426687909
603, 330-5163, False.,0.014728820313624595
604, 415-8689, False.,0.11357076719378979
605, 342-8720, False.,0.01789810271442639
606, 332-5129, False.,0.1679001571230619
607, 368-2732, False.,0.041631068469935355
608, 393-9216, False.,0.19272180856215496
609, 407-3765, False.,0.1840839911300301
610, 377-3136, False.,0.42426287440717536
611, 418-7544, False.,0.14207502287949914
612, 379-8021, False.,0.1262262770535488
613, 360-8721, False.,0.06261091320720924
614, 411-1584, False.,0.10064117072595619
615, 419-6399, False.,0.055355853836492754
616, 329-1971, False.,0.1693876958142649
617, 356-2563, False.,0.03758412700852622
618, 334-2057, False.,0.09907161774802602
619, 394-2717, False.,0.08664012229725204
620, 364-1284, False.,0.5993973230129459
621, 336-8855, True.,0.383352402002894
622, 390-1966, False.,0.11399846325360757
623, 409-3582, False.,0.4169444309526683
624, 367-8127, False.,0.12890167159048677
625, 382-1590, False.,0.023148581596138685
626, 351-2833, False.,0.07026415170261621
627, 332-3279, False.,0.2902709719436421
628, 336-7952, True.,0.07900412592064984
629, 347-6351, False.,0.09061109303516181
630, 394-8614, False.,0.10091602571678178
631, 419-5480, False.,0.16560917738193512
632, 339-2216, False.,0.1664938927236077
633, 383-2254, True.,0.5047986213282671
634, 379-2614, False.,0.19418718973317442
635, 354-5402, False.,0.24792706243455553
636, 399-4432, False.,0.15894103170174156
637, 413-1992, False.,0.359078210183152
638, 355-1369, False.,0.025449467964632613
639, 335-2305, False.,0.0687841600640127
640, 420-8150, True.,0.07695008204628383
641, 395-4108, False.,0.20545658508223005
642, 415-8119, False.,0.048958293795853425
643, 379-6964, False.,0.07022865277149926
644, 395-7926, False.,0.02809322612797046
645, 327-4579, True.,0.5920461662207788
646, 375-6665, False.,0.04121067720353881
647, 383-5695, False.,0.16684046387144666
648, 386-7245, False.,0.1708088110466982
649, 333-2885, False.,0.18407588027750565
650, 357-4496, True.,0.31288715755626473
651, 381-7755, False.,0.10413216533637905
652, 400-3457, False.,0.020323950601133515
653, 395-6370, True.,0.07420842680121999
654, 409-3198, True.,0.27848908095663405
655, 391-4987, False.,0.18081852500710463
656, 342-6813, False.,0.3653528985405987
657, 418-6866, False.,0.06372368033333399
658, 421-6869, True.,0.06669408440277882
659, 373-4263, False.,0.15371338214106597
660, 406-2551, True.,0.16595967614130178
661, 339-3059, False.,0.0803014725783774
662, 341-9862, False.,0.08331200993424542
663, 411-1056, False.,0.15746268196108998
664, 345-8125, False.,0.05141654881532703
665, 411-4378, False.,0.12325816132062586
666, 416-5463, False.,0.03496023745106819
667, 363-8175, False.,0.11584314679578053
668, 414-8688, False.,0.06294875999666928
669, 354-8492, True.,0.3653087922455396
670, 373-4947, False.,0.020065146150764324
671, 406-9868, False.,0.07683339816768886
672, 366-5737, False.,0.1356591882617104
673, 421-2900, False.,0.16078057133093276
674, 345-4653, False.,0.1041438647267662
675, 387-4808, False.,0.08536005189545984
676, 331-1846, False.,0.24375235739276316
677, 403-3502, False.,0.06034587515807094
678, 416-1447, False.,0.06797611786752598
679, 334-6371, False.,0.07222410605825957
680, 357-3352, False.,0.17079084304954584
681, 371-8517, False.,0.16058874506692775
682, 373-5115, False.,0.07633727568547936
683, 351-4569, False.,0.5331188453274308
684, 343-6686, False.,0.07133434589164941
685, 349-9172, True.,0.13453773322166193
686, 329-4168, False.,0.16571816676487558
687, 356-9042, False.,0.1237560113195606
688, 390-2562, True.,0.6483004856662075
689, 404-4312, False.,0.05455182844242332
690, 401-9705, True.,0.08456933907364456
691, 366-5096, False.,0.12871213253125016
692, 347-3360, False.,0.11135570817651387
693, 410-7256, False.,0.09598099020388011
694, 397-1984, True.,0.10830244563384019
695, 403-1542, False.,0.0406158611324506
696, 329-5112, False.,0.03734229602159208
697, 399-6945, True.,0.3644818394451764
698, 331-8469, False.,0.058125381292273556
699, 387-4222, False.,0.15866998130910698
700, 362-1297, False.,0.1716019142108476
701, 391-3380, False.,0.2743330472336262
702, 338-2768, False.,0.13517688897903674
703, 388-5162, False.,0.09513744459124614
704, 401-3615, False.,0.1248940845125211
705, 384-2846, False.,0.2613227423987263
706, 360-1292, False.,0.27323272021609646
707, 408-4628, False.,0.061840294751587505
708, 345-8273, True.,0.3790110843074713
709, 382-5278, False.,0.14089944113729302
710, 377-9241, False.,0.09206424388347033
711, 351-8843, False.,0.11870047319784727
712, 404-2461, False.,0.043240036814697104
713, 349-8440, False.,0.05048993994512996
714, 397-5665, False.,0.3276691825759182
715, 406-4435, True.,0.08108977796226989
716, 402-4433, False.,0.11309068071307711
717, 342-2394, False.,0.12048987623367119
718, 351-3724, False.,0.15358389625692764
719, 384-1980, False.,0.08714196270001624
720, 400-3569, True.,0.04914954227760083
721, 364-4057, False.,0.1208121392405854
722, 414-5978, False.,0.06442444658521117
723, 410-4662, False.,0.2390017063826652
724, 366-2822, False.,0.10692477783402005
725, 382-3713, False.,0.11295975180892488
726, 396-8095, False.,0.0372642437601468
727, 401-9574, False.,0.11578543070808818
728, 352-3780, False.,0.19082789729807254
729, 391-4345, True.,0.359254563447262
730, 341-2398, False.,0.0523468739475657
731, 394-6726, False.,0.10510605603515404
732, 338-7859, False.,0.16311162531355416
733, 375-7103, False.,0.3486689640821456
734, 397-2769, True.,0.08762548526143443
735, 410-4829, False.,0.3271418950279838
736, 371-3276, False.,0.12012022804347286
737, 335-2978, False.,0.029359901430507797
738, 401-3419, False.,0.04703488725007673
739, 420-4405, False.,0.22978656687757146
740, 351-9552, False.,0.14258695606964525
741, 418-9746, False.,0.09628897965902557
742, 369-1046, False.,0.10919207107762072
743, 369-7226, False.,0.1115264280824825
744, 391-7154, False.,0.03142218385704971
745, 357-6526, False.,0.11382387736629496
746, 350-5622, True.,0.2903644523688403
747, 343-3870, False.,0.11928440196328058
748, 343-8580, False.,0.2144326534518759
749, 331-5614, False.,0.22338089429054556
750, 372-4493, False.,0.032277669292611666
751, 342-9503, False.,0.025235738553463567
752, 343-3973, False.,0.10863459304481916
753, 374-3585, False.,0.030225766251321517
754, 378-7878, True.,0.47475553465807435
755, 420-9325, False.,0.07189122354622715
756, 338-7583, False.,0.06204032365980501
757, 399-1915, False.,0.07070379406710485
758, 329-8057, False.,0.13858053290842318
759, 358-5492, False.,0.16191270266283792
760, 385-4731, True.,0.3477617450911843
761, 364-8868, False.,0.028491523962164443
762, 384-6032, False.,0.07695311912437384
763, 389-5315, False.,0.17203141815040557
764, 348-8302, False.,0.12735990833952904
765, 371-8654, False.,0.16478044306179704
766, 329-7365, False.,0.2366725209195516
767, 362-9109, False.,0.2346764509346087
768, 352-5412, False.,0.05177015537881881
769, 365-8548, False.,0.14547745347219534
770, 349-3579, False.,0.11520156195084758
771, 367-9956, False.,0.09968414199387836
772, 372-3559, False.,0.06074535582843077
773, 336-7199, False.,0.20112632318893783
774, 389-9083, False.,0.06280405473838932
775, 329-6776, False.,0.1627904710965846
776, 420-7897, False.,0.06113859643213348
777, 329-2452, False.,0.26812069600088984
778, 377-1433, False.,0.23348535374737334
779, 342-8693, True.,0.19399223845375566
780, 393-7991, False.,0.35428815011407777
781, 380-4524, False.,0.1278459560767441
782, 405-4350, False.,0.12597468073932316
783, 338-8612, False.,0.17628608862020417
784, 418-9470, False.,0.08589609383072032
785, 414-1467, False.,0.27393457201398347
786, 361-8748, False.,0.05178579016089011
787, 355-6250, True.,0.48972505748834466
788, 412-3425, True.,0.14071680144249735
789, 334-5571, False.,0.24516813036837107
790, 357-6794, False.,0.11887742929196252
791, 355-5221, False.,0.16947415324409396
792, 414-2036, False.,0.12812844531190443
793, 405-2234, False.,0.10401470646940456
794, 407-3201, False.,0.009067624952388184
795, 367-3304, False.,0.07730582141082727
796, 377-9526, False.,0.040673898639982234
797, 342-8813, True.,0.08225053636641927
798, 371-8929, True.,0.4141724349609789
799, 329-8540, False.,0.17930658119576934
800, 377-5013, False.,0.054737190821502774
801, 381-1712, False.,0.058343333685253906
802, 398-5195, True.,0.2987798611885162
803, 366-3805, False.,0.12152381508436456
804, 339-4924, True.,0.13785631995370798
805, 396-8551, False.,0.3947740702976468
806, 417-8960, False.,0.041997798155942116
807, 366-9936, True.,0.41572473011913325
808, 399-8419, True.,0.3823922350426808
809, 421-1264, False.,0.04598852285085624
810, 364-6992, False.,0.22271004812417108
811, 411-2297, False.,0.10142260177700929
812, 356-7848, False.,0.05293799855099141
813, 335-5378, False.,0.09628286599027945
814, 364-1224, False.,0.08822899665829523
815, 387-5388, False.,0.24829394360898835
816, 401-8994, False.,0.07620103397302848
817, 400-2419, False.,0.05142853159516872
818, 337-1993, False.,0.1409368915107825
819, 360-8926, False.,0.0433872713955573
820, 420-4654, True.,0.5519030325380098
821, 354-2215, False.,0.16456742198163915
822, 399-1939, False.,0.13772507453068145
823, 390-2676, False.,0.0506683694651442
824, 420-4132, True.,0.22119627042588105
825, 393-2256, True.,0.0921534700498409
826, 386-3716, False.,0.08011097367940752
827, 389-8407, False.,0.06356291670247717
828, 342-6680, False.,0.20932677396646268
829, 364-6617, True.,0.40067802950510356
830, 383-3583, False.,0.059167446833291074
831, 338-4704, False.,0.21922710187873448
832, 400-3168, True.,0.2232155378228431
833, 394-7682, False.,0.3838716557873961
834, 337-8750, False.,0.04908445460967762
835, 329-1120, False.,0.07137165241243155
836, 339-6887, False.,0.08410116587617024
837, 382-6740, False.,0.08310868411351698
838, 399-1526, True.,0.3518204134849995
839, 382-6119, False.,0.19897141887413736
840, 404-2069, False.,0.1485908769732687
841, 329-2106, False.,0.2547386076169458
842, 384-8314, False.,0.0922223353288564
843, 358-7212, False.,0.050709691915132804
844, 370-8039, False.,0.04913682346077884
845, 387-5618, False.,0.31504257935174473
846, 409-3611, False.,0.08326265676291034
847, 373-4542, False.,0.06896544262333669
848, 384-1895, False.,0.23976327615119447
849, 380-1093, False.,0.02197708189214729
850, 383-1580, False.,0.1335619336219775
851, 341-9321, False.,0.1998208451671809
852, 384-3968, True.,0.30518201885473545
853, 342-7847, False.,0.06494670422296775
854, 331-8698, False.,0.10862996921443543
855, 337-7132, False.,0.17317325932772146
856, 364-7579, False.,0.10304080311933896
857, 379-7890, True.,0.8860645355597991
858, 420-6893, False.,0.06737529845347898
859, 358-5239, False.,0.018034338340777174
860, 343-4434, False.,0.08366325974272028
861, 385-6470, False.,0.06646425880575982
862, 327-6947, False.,0.07454238107732697
863, 413-2034, True.,0.07563501442487922
864, 364-1156, False.,0.13497491984563445
865, 379-6936, False.,0.05597348969975981
866, 327-7615, False.,0.09345886341684866
867, 334-3433, False.,0.2071483296642873
868, 386-7672, False.,0.04097250855010237
869, 330-8642, True.,0.1122622202454045
870, 352-4255, False.,0.10643239724283324
871, 334-3152, False.,0.12955517591811944
872, 356-3554, False.,0.10497806690753134
873, 404-9485, False.,0.1554553586022508
874, 361-3491, False.,0.09711795178410429
875, 393-8000, False.,0.06540654174896894
876, 403-7587, False.,0.04947622205596114
877, 375-8584, True.,0.1600858556612455
878, 400-4883, True.,0.21572360301188528
879, 380-2125, False.,0.1552180698141015
880, 407-7760, False.,0.36326680629061237
881, 404-3184, False.,0.11372418883831593
882, 391-1850, False.,0.07339191342953891
883, 353-5218, False.,0.06172417255390045
884, 413-6899, False.,0.0490511185470865
885, 363-5220, False.,0.5316664802917221
886, 388-2082, False.,0.05535227271348342
887, 403-1286, False.,0.04024982720531941
888, 399-7573, False.,0.20561023874543824
889, 412-4990, False.,0.28400140023030246
890, 406-7175, False.,0.1731929667009203
891, 410-4125, False.,0.04842095198912776
892, 372-2361, True.,0.20169305777268717
893, 379-5981, False.,0.03904852287447565
894, 343-9362, False.,0.027685780169152036
895, 407-1461, True.,0.3047518921876358
896, 336-2510, True.,0.21768697906935633
897, 390-2027, True.,0.3027250971242536
898, 350-9298, False.,0.10509421247315179
899, 343-7980, False.,0.177533927920306
900, 338-6767, False.,0.15575452592929442
901, 383-9392, False.,0.05993698931292428
902, 350-1054, False.,0.15740137750962913
903, 382-3034, True.,0.08314409768397771
904, 354-7303, False.,0.020963159145047906
905, 416-5380, False.,0.19717013220232144
906, 359-1287, False.,0.02571574209126474
907, 368-5046, False.,0.30550540596224857
908, 416-3536, False.,0.07450192821093819
909, 347-1182, False.,0.1285277181495823
910, 402-4206, False.,0.17006284684057618
911, 398-3490, False.,0.1048919911935911
912, 342-6182, False.,0.07576900467978445
913, 389-4686, False.,0.40858815891528244
914, 380-1669, False.,0.04866355691232292
915, 403-1409, False.,0.0509567301836794
916, 410-4629, False.,0.22615495164970698
917, 355-7681, False.,0.055313171296380075
918, 418-7885, True.,0.2177984181251159
919, 365-1710, False.,0.20135254802870836
920, 388-4235, True.,0.21982890835023042
921, 375-6971, False.,0.11670060728228378
922, 395-7027, False.,0.06447649906921062
923, 344-1999, False.,0.06270090114958923
924, 364-8637, True.,0.08705755498664523
925, 342-4634, True.,0.173470752447288
926, 419-7320, False.,0.03119688233269878
927, 351-4104, False.,0.2960412209545371
928, 398-8353, False.,0.0410969619217536
929, 387-6522, False.,0.1315433455352699
930, 328-6785, False.,0.106328222544521
931, 414-5554, True.,0.5268795566275694
932, 365-9789, False.,0.2521257094799905
933, 349-3065, False.,0.09059047468733894
934, 386-7001, False.,0.07272156062074638
935, 412-6782, True.,0.6127676210801163
936, 367-6010, False.,0.2098242744347984
937, 422-8472, False.,0.13917653712322814
938, 370-4667, False.,0.24864392946787195
939, 414-6478, False.,0.06741834554497897
940, 380-4194, False.,0.07604405640686986
941, 409-8346, False.,0.49184459167439504
942, 339-9147, False.,0.11678141629227959
943, 371-7098, False.,0.20824035828217127
944, 399-5418, False.,0.12024425641886849
945, 409-1729, False.,0.06882114212478133
946, 387-7184, False.,0.13886425945845218
947, 407-5234, True.,0.24900023237756358
948, 377-4646, False.,0.06388760571366299
949, 347-6706, False.,0.10684776270554397
950, 360-8131, True.,0.3757901043289197
951, 342-2078, False.,0.1697263580064375
952, 332-3072, True.,0.10436120475694433
953, 394-5397, False.,0.07336992680309921
954, 388-8481, False.,0.1282367666939644
955, 385-3019, False.,0.0827038787005907
956, 337-1302, False.,0.07757038822602014
957, 370-5687, False.,0.021791469870176935
958, 355-2963, False.,0.09651208452069608
959, 352-3832, True.,0.6215060473844237
960, 416-8826, False.,0.01705956615324687
961, 340-9208, True.,0.15529863764854465
962, 379-6697, False.,0.14856347100637285
963, 386-9320, True.,0.058875355100184025
964, 336-4889, True.,0.7863446309144927
965, 352-1257, False.,0.12373892635874098
966, 396-4149, False.,0.22439074407167076
967, 408-8873, False.,0.11282341095593243
968, 340-1893, False.,0.1109322345479344
969, 420-1372, False.,0.0900984491243988
970, 385-7814, False.,0.1903243924030098
971, 400-9082, False.,0.034288336588956296
972, 368-5621, False.,0.10745845405478685
973, 355-3803, False.,0.19256224305956363
974, 382-4771, True.,0.5766371950284359
975, 340-6060, False.,0.08430476852643957
976, 379-5017, True.,0.35508495169837107
977, 347-2422, False.,0.04124143265968295
978, 335-6557, False.,0.6394567615859577
979, 408-8957, False.,0.2508610570811733
980, 379-9438, False.,0.06062052680063114
981, 329-5668, False.,0.032699444224958664
982, 417-3313, False.,0.11905874428961083
983, 372-1849, False.,0.1341891232897636
984, 402-6363, False.,0.17582776110618664
985, 402-7349, False.,0.17794496493551545
986, 414-2751, False.,0.5714676204836272
987, 351-9450, False.,0.12599375787950579
988, 330-9197, False.,0.08874271824901894
989, 367-8176, False.,0.109202096905579
990, 409-7971, False.,0.06749816901889934
991, 333-6788, True.,0.6469193487923595
992, 386-3651, False.,0.09711122508642431
993, 417-3884, False.,0.08604269441765759
994, 395-9771, False.,0.028080187146090757
995, 405-8341, True.,0.40714281443547956
996, 397-7074, False.,0.061350697625379584
997, 345-1157, True.,0.2977605888424042
998, 358-4181, False.,0.1162988332771206
999, 379-8644, True.,0.3194309861952666
1000, 358-4969, False.,0.03686623114393037
1001, 331-9374, False.,0.1645906181601076
1002, 416-6760, False.,0.07164014916903652
1003, 341-7855, False.,0.054377693151174036
1004, 387-4090, True.,0.44759799403316763
1005, 329-4175, False.,0.10788594560092413
1006, 348-3694, False.,0.04719566543528134
1007, 368-5606, False.,0.09826513084375366
1008, 403-7877, False.,0.08193563868518074
1009, 333-1633, False.,0.17488445461116514
1010, 418-7248, False.,0.16244691778618559
1011, 409-4681, False.,0.059531950052078314
1012, 394-5644, False.,0.28284952706185224
1013, 349-6098, False.,0.2178050508971312
1014, 396-4269, False.,0.043578642857370134
1015, 420-6843, False.,0.08684324518424899
1016, 398-5465, False.,0.016306028133237362
1017, 354-4763, False.,0.09462432377436972
1018, 351-6644, False.,0.0727107625556339
1019, 397-8771, False.,0.20387439472847155
1020, 398-3969, False.,0.11659548217032206
1021, 384-7156, False.,0.06611912643821159
1022, 396-3744, True.,0.6244967051958964
1023, 333-1826, False.,0.18522930928223189
1024, 360-8501, False.,0.10015109680862617
1025, 350-5398, False.,0.03880940645227585
1026, 354-2301, False.,0.11228957539291207
1027, 328-9030, False.,0.1055125324926105
1028, 405-5431, False.,0.15364850825403906
1029, 379-9498, False.,0.12266258442703551
1030, 418-1678, False.,0.05389977094682647
1031, 373-1437, False.,0.23687368913179244
1032, 376-2803, False.,0.24891855266598248
1033, 412-8992, True.,0.2659819389239531
1034, 334-6492, False.,0.14324957835778776
1035, 364-8778, False.,0.17193031917518334
1036, 421-9683, False.,0.03537037680567264
1037, 407-5054, True.,0.07130814616942141
1038, 411-2289, True.,0.5161114581108496
1039, 359-2149, False.,0.07590157701163416
1040, 369-1757, False.,0.10502862151510814
1041, 387-5176, False.,0.1810271708067952
1042, 408-7260, False.,0.07585464539423338
1043, 420-3480, True.,0.0499920889594254
1044, 343-5445, False.,0.10693318566625816
1045, 352-7986, False.,0.1893840102050506
1046, 372-2527, False.,0.04552799850943337
1047, 412-2578, False.,0.19317463897924128
1048, 379-2554, False.,0.058443891480618196
1049, 380-7206, False.,0.26352147192152414
1050, 333-5541, True.,0.09548521151767797
1051, 411-2995, False.,0.042909334032073934
1052, 411-3547, False.,0.045956039909721365
1053, 370-6858, True.,0.467307493126335
1054, 416-5528, False.,0.08294789212724835
1055, 329-9685, False.,0.054869940645117216
1056, 364-3035, False.,0.17777743758169162
1057, 384-7646, False.,0.08842248167815701
1058, 329-3501, False.,0.042837839824769804
1059, 418-2068, False.,0.1995994219796463
1060, 364-7547, False.,0.18235770963931316
1061, 359-1487, False.,0.09270826386009832
1062, 390-2383, False.,0.10109700300571345
1063, 368-8579, False.,0.15244480725717577
1064, 366-8322, False.,0.18163917302445665
1065, 373-7819, False.,0.2134333090152968
1066, 418-1655, False.,0.14126798512691868
1067, 380-6554, False.,0.09525408174512479
1068, 411-7944, False.,0.12564613423172977
1069, 365-4106, False.,0.4389902288905651
1070, 368-7933, False.,0.13272594602085402
1071, 372-6246, True.,0.028456445412997543
1072, 348-6721, False.,0.11690540748215994
1073, 406-5281, True.,0.7118047292468681
1074, 386-3025, False.,0.06473794348269588
1075, 351-4517, False.,0.11716757046889817
1076, 350-4256, False.,0.08266851486355445
1077, 392-4995, False.,0.09293437182015543
1078, 367-3275, True.,0.3244794142121095
1079, 403-6877, False.,0.06045571957873914
1080, 350-2332, False.,0.13425036996772757
1081, 377-8126, False.,0.07674367727529662
1082, 375-4450, False.,0.042928602615619656
1083, 379-5420, False.,0.05088607603385315
1084, 405-6350, False.,0.17318318225632032
1085, 363-2674, False.,0.07964511590856457
1086, 417-3093, False.,0.143300256972397
1087, 403-8383, False.,0.06520738800293999
1088, 340-6397, True.,0.07656551849995884
1089, 416-8652, False.,0.030904075093168382
1090, 349-8594, False.,0.026790454883570024
1091, 335-4379, False.,0.07421636477159366
1092, 400-8619, False.,0.24062880793928876
1093, 337-6212, False.,0.09270325860825276
1094, 386-5996, False.,0.16344722825278454
1095, 347-8258, False.,0.22254092106101508
1096, 373-1160, False.,0.03848914323933003
1097, 380-4150, False.,0.05774496771793781
1098, 330-8787, False.,0.14277474999231776
1099, 369-6042, False.,0.04997967928301753
1100, 372-3670, False.,0.1367739111595632
1101, 344-8759, False.,0.1613176220658756
1102, 380-9660, False.,0.09884946951719735
1103, 338-1968, False.,0.13731112479498753
1104, 341-4332, True.,0.5522693710976638
1105, 400-6094, False.,0.1304221482092894
1106, 353-5289, False.,0.06916911947888955
1107, 339-3672, False.,0.050489469348951446
1108, 404-6427, False.,0.2216801859858929
1109, 377-6036, False.,0.08523170122356168
1110, 401-7439, False.,0.08016774606336204
1111, 347-4928, False.,0.08232330806609058
1112, 368-4117, False.,0.04515925323191707
1113, 393-4707, False.,0.1912538007285141
1114, 373-7804, False.,0.25806925527358404
1115, 417-4285, False.,0.027656306521108395
1116, 408-7909, False.,0.1537566347215622
1117, 399-5167, False.,0.15134764983238863
1118, 375-8931, False.,0.1262879593043727
1119, 418-2321, False.,0.15637165917874046
1120, 395-8865, False.,0.06272098464291082
1121, 369-6323, False.,0.15281630890066722
1122, 361-1256, False.,0.19776918138583502
1123, 380-3141, False.,0.0245124057134812
1124, 367-8066, False.,0.08940000796643577
1125, 340-9715, False.,0.07774368472665014
1126, 388-7231, False.,0.03019774125032704
1127, 413-1858, False.,0.1132471397216147
1128, 416-9219, False.,0.18345202506512945
1129, 341-2862, False.,0.03611645956940529
1130, 356-5066, False.,0.20210697196172372
1131, 375-8229, False.,0.2045800659152165
1132, 342-7953, True.,0.2973807999072136
1133, 397-8357, False.,0.269498360718129
1134, 396-3138, False.,0.1749702254509548
1135, 366-8053, False.,0.23594381165437073
1136, 412-6048, False.,0.1879546263093885
1137, 390-1385, False.,0.45834914903959145
1138, 376-9305, True.,0.3514601833337283
1139, 356-3006, False.,0.11005525361936268
1140, 354-7765, False.,0.15314861186754028
1141, 408-8444, False.,0.13261929847311002
1142, 349-3633, False.,0.07248987543225811
1143, 331-5650, True.,0.10252546315442528
1144, 347-7259, False.,0.07770413692822296
1145, 372-8261, False.,0.05650877837769305
1146, 390-2848, False.,0.266362624729301
1147, 358-8220, False.,0.05354322019596983
1148, 406-5144, False.,0.15562213896588295
1149, 411-1626, False.,0.03146203754214037
1150, 331-5631, False.,0.20549121254415675
1151, 333-4239, False.,0.2706960794631153
1152, 331-6403, False.,0.19211152333174045
1153, 374-8632, False.,0.16757763712223772
1154, 413-7537, False.,0.16210874501863012
1155, 385-1733, True.,0.482133592704485
1156, 354-7711, True.,0.3340722662380864
1157, 390-4127, False.,0.07298978214672219
1158, 410-6815, False.,0.4657373947842214
1159, 394-2576, True.,0.3842497429838764
1160, 395-2817, False.,0.03661580653075097
1161, 377-9045, False.,0.22458535326236184
1162, 338-2813, False.,0.07691753659428817
1163, 412-4971, False.,0.07891460216012343
1164, 364-9028, False.,0.06898400464580581
1165, 384-2907, False.,0.26994920723339666
1166, 366-5049, False.,0.16503124724428758
1167, 420-4140, False.,0.09598515640106865
1168, 381-5641, False.,0.4581075471285599
1169, 404-3055, True.,0.1313763653838962
1170, 416-7924, False.,0.201681044886229
1171, 406-8380, False.,0.06980214522365316
1172, 367-5128, False.,0.038903529989908474
1173, 330-9351, False.,0.08803266602588357
1174, 358-7985, True.,0.27299804425869245
1175, 378-8317, False.,0.14002007605597808
1176, 331-6243, False.,0.3221005356174139
1177, 379-7476, False.,0.15820691139741777
1178, 378-1408, False.,0.09774030436269744
1179, 349-6158, False.,0.15365512122611022
1180, 398-8927, True.,0.393537512497071
1181, 377-9636, False.,0.19587096417132796
1182, 355-3062, False.,0.1394514021150076
1183, 407-8683, False.,0.11337471844744372
1184, 405-7948, False.,0.0480062897153413
1185, 396-2646, False.,0.08043243578187873
1186, 398-4699, False.,0.33152346841914787
1187, 387-9043, False.,0.06072036993791841
1188, 403-3235, False.,0.09104355184227579
1189, 409-2788, False.,0.05754058267488378
1190, 359-1645, False.,0.26455238513683627
1191, 405-1184, False.,0.472775671440067
1192, 399-4204, False.,0.30144659528180967
1193, 401-3749, False.,0.09100559328870067
1194, 373-1739, False.,0.2740795539012893
1195, 337-1944, False.,0.1939990733749024
1196, 337-3453, False.,0.05466346527009543
1197, 381-7815, False.,0.059821815409425015
1198, 400-8640, False.,0.0794736100376739
1199, 414-1854, False.,0.04133070027686462
1200, 404-2850, False.,0.2297637547590663
1201, 411-2117, False.,0.08443492493145704
1202, 374-1411, False.,0.20027551602206528
1203, 410-4156, False.,0.1274900108978186
1204, 388-6108, True.,0.02422795685817799
1205, 354-3963, False.,0.186540950172096
1206, 413-2121, False.,0.1426490776485746
1207, 340-3837, False.,0.09482632271928947
1208, 351-3590, False.,0.08745555627013005
1209, 387-2956, False.,0.11314504737210448
1210, 347-5734, False.,0.04886183896935697
1211, 352-8833, False.,0.14992796961713292
1212, 373-2483, False.,0.1031712059976131
1213, 363-1871, False.,0.23485067223992082
1214, 369-4991, False.,0.18407420359857538
1215, 365-5778, False.,0.019809647739534784
1216, 419-2228, False.,0.0713874213891096
1217, 342-6200, False.,0.22409366694680866
1218, 398-9791, False.,0.18031796664480523
1219, 377-8635, False.,0.027036340213465487
1220, 354-1754, False.,0.09130232356017069
1221, 387-5133, False.,0.06377154963144188
1222, 367-2480, False.,0.1178597411065398
1223, 413-6203, False.,0.14985597707333675
1224, 337-3699, False.,0.06922149096320734
1225, 391-6449, False.,0.16192680135039317
1226, 335-2410, False.,0.1254391495124267
1227, 364-4535, False.,0.12336067625735912
1228, 375-8260, False.,0.04824762343452481
1229, 389-2130, True.,0.11570546815702372
1230, 421-6168, False.,0.09261705483385549
1231, 401-1455, False.,0.05543365080385023
1232, 358-4997, False.,0.2754530656616719
1233, 417-1397, False.,0.04675089968624671
1234, 383-6332, False.,0.1164977003105614
1235, 338-5344, True.,0.07278119041761645
1236, 333-6486, False.,0.2081247568285342
1237, 371-6274, False.,0.16762854239124822
1238, 381-9931, False.,0.13399429538856852
1239, 387-2084, True.,0.7195001871663965
1240, 383-7095, False.,0.09908999324071278
1241, 368-4510, False.,0.10881269108465574
1242, 350-8219, False.,0.08393737754502446
1243, 350-7785, True.,0.30104504134084464
1244, 347-1864, True.,0.6761051087251705
1245, 345-3199, False.,0.039789969639118475
1246, 374-2374, False.,0.05961138090006434
1247, 351-1816, False.,0.15114904468982654
1248, 416-3576, False.,0.12408906525396828
1249, 378-6684, False.,0.14125939464891157
1250, 405-2038, False.,0.27861366004705646
1251, 390-1597, False.,0.054577962895451956
1252, 327-9613, False.,0.08378133462447619
1253, 331-9226, False.,0.07792249419293822
1254, 371-7947, False.,0.09808392957745572
1255, 376-5968, False.,0.02387228169553261
1256, 422-8152, False.,0.11979632194929218
1257, 330-5602, False.,0.03681795489283566
1258, 396-7652, False.,0.08496086227115052
1259, 333-1661, True.,0.020601755937562076
1260, 419-9550, False.,0.023524242759030832
1261, 416-6596, False.,0.6306539557483136
1262, 348-3424, False.,0.069061677779937
1263, 336-2113, False.,0.09443252585875034
1264, 393-8963, True.,0.2024826920270652
1265, 407-1491, False.,0.04174250378528892
1266, 342-6864, True.,0.33671169829169584
1267, 378-5140, False.,0.13313369157560165
1268, 414-8045, False.,0.28343815355970536
1269, 369-5896, False.,0.17674967981872855
1270, 348-6199, False.,0.04624848769271163
1271, 408-8885, False.,0.17230218994135948
1272, 361-8630, False.,0.07182408407376538
1273, 416-9174, False.,0.1373842960012572
1274, 377-6340, False.,0.05686173203828097
1275, 346-1098, False.,0.04527932394053394
1276, 374-4186, False.,0.11857123204173506
1277, 419-8866, False.,0.04540062198565219
1278, 342-3593, False.,0.11289651499485583
1279, 345-7512, False.,0.015399323184159201
1280, 343-6820, False.,0.18272566266960155
1281, 338-4794, False.,0.08042779376318546
1282, 355-8388, False.,0.06419113953416837
1283, 409-6884, False.,0.1183323381555816
1284, 340-4599, False.,0.09789289137731934
1285, 419-8830, False.,0.12439193004818579
1286, 419-2044, False.,0.013800144700021885
1287, 378-4742, False.,0.05115072068648583
1288, 379-6150, False.,0.10686483925166244
1289, 422-8906, False.,0.19150286647517487
1290, 364-3553, False.,0.12522943440298112
1291, 373-2387, True.,0.1192524577456782
1292, 392-4556, False.,0.09858121712076838
1293, 353-1300, False.,0.17146803675582753
1294, 339-7623, False.,0.025383353928224082
1295, 388-6925, True.,0.04374207112241208
1296, 405-4441, False.,0.07272960625850197
1297, 396-9684, False.,0.11721712587073536
1298, 397-3854, False.,0.1399505278803312
1299, 394-2549, False.,0.06294708670281904
1300, 407-6746, False.,0.20775437581379053
1301, 337-1017, False.,0.13935439905527508
1302, 367-1806, False.,0.025131666029700888
1303, 376-9077, True.,0.36377656292528454
1304, 381-7440, False.,0.1326956634974959
1305, 371-9388, True.,0.3912268772015542
1306, 330-9102, False.,0.1377305258391493
1307, 399-1377, True.,0.36491759604877094
1308, 366-7430, False.,0.08784756315699135
1309, 395-5549, False.,0.02460696448852944
1310, 393-3431, True.,0.5041104715395015
1311, 411-4797, False.,0.11890045443996344
1312, 334-8668, False.,0.15456422451696028
1313, 385-8301, False.,0.021200627815590133
1314, 413-6417, False.,0.10829150922061645
1315, 378-7171, False.,0.11200892394633884
1316, 337-5390, False.,0.18518838528286943
1317, 413-8297, True.,0.17233164349095487
1318, 414-9924, False.,0.07899863456554931
1319, 336-7762, False.,0.06754199301025149
1320, 385-8758, False.,0.26477832496816467
1321, 402-7173, False.,0.06446697502080598
1322, 396-8663, False.,0.06443277553203006
1323, 400-6520, False.,0.08805783553491509
1324, 344-7508, False.,0.030430995122848442
1325, 396-1316, True.,0.14247691516558572
1326, 389-8812, False.,0.05017021515360265
1327, 380-5600, False.,0.10281244740697557
1328, 409-9699, False.,0.04437041201341683
1329, 396-6712, False.,0.22122973877473603
1330, 330-2627, False.,0.08499441000330733
1331, 392-8252, False.,0.06685366767076462
1332, 379-8315, False.,0.31578014540764693
1333, 369-9280, False.,0.0657430743815647
1334, 420-1296, False.,0.532998646567358
1335, 421-7427, False.,0.04956985684157812
1336, 385-2811, False.,0.1059894376404916
1337, 349-8988, False.,0.22427082341414717
1338, 333-7221, False.,0.06505323798301593
1339, 391-6973, False.,0.02529594456940265
1340, 371-9065, False.,0.016441682590838513
1341, 389-3992, False.,0.2330013624576939
1342, 364-1001, False.,0.11207289671209515
1343, 371-7406, True.,0.10985962513046556
1344, 387-7338, False.,0.10923265036715257
1345, 419-8947, True.,0.11274582940387934
1346, 386-8678, False.,0.030776896991580833
1347, 417-9122, False.,0.10433678481936443
1348, 369-5327, False.,0.05300932695795887
1349, 402-4898, False.,0.04998563599781554
1350, 422-3701, False.,0.06316812475491582
1351, 342-5610, False.,0.19553370861376115
1352, 343-2507, False.,0.04832347100710032
1353, 370-9624, False.,0.17448575088250332
1354, 392-4026, True.,0.6614041976078467
1355, 386-4495, False.,0.04378404067204681
1356, 373-3185, False.,0.40093736411417213
1357, 369-9169, False.,0.041777700211572
1358, 378-3392, False.,0.2826472477782854
1359, 413-2720, True.,0.12513873648980806
1360, 388-1570, False.,0.09848644902195969
1361, 345-9530, False.,0.1114332519859943
1362, 354-1588, False.,0.043005114037196625
1363, 338-3265, False.,0.027527500934746797
1364, 357-1685, False.,0.09446552807989309
1365, 361-7238, False.,0.08643044763458471
1366, 346-4638, False.,0.0923270475715841
1367, 358-4536, False.,0.07153078270529946
1368, 408-3215, False.,0.16613910648096197
1369, 401-5654, False.,0.09020745577658128
1370, 416-9329, False.,0.20419435315245177
1371, 369-8569, False.,0.09291003071135268
1372, 361-7995, False.,0.07608504958449572
1373, 393-8065, False.,0.12754746313300344
1374, 402-7954, False.,0.1536883492885228
1375, 397-9729, False.,0.22534123752183327
1376, 393-9679, False.,0.08995355021281307
1377, 345-4482, True.,0.4585455394250469
1378, 333-9428, False.,0.5029853885082708
1379, 405-3504, False.,0.0509656729247425
1380, 390-5776, False.,0.18428103147911745
1381, 389-4585, False.,0.09266986179614871
1382, 332-7088, False.,0.08708742647418469
1383, 369-1521, False.,0.06066838769718418
1384, 410-2570, False.,0.09929046751255384
1385, 387-5736, False.,0.06930965765779538
1386, 347-9629, False.,0.13034172638831984
1387, 397-5715, False.,0.06904372792286649
1388, 405-6013, True.,0.49264346566846645
1389, 402-2371, False.,0.16759201642131294
1390, 422-7769, False.,0.27925612964732943
1391, 342-8290, False.,0.026993544902993223
1392, 352-4586, False.,0.11668617556724861
1393, 367-7186, False.,0.18670798560307195
1394, 365-2713, False.,0.09787085441061096
1395, 377-6009, False.,0.1102295621926736
1396, 336-3641, False.,0.010950978235903517
1397, 386-1232, False.,0.07736939979732897
1398, 397-9547, False.,0.09235832590345185
1399, 368-2580, False.,0.08112134138305484
1400, 402-2974, False.,0.06173410985900978
1401, 340-7792, False.,0.06439208803742394
1402, 382-5340, True.,0.23404626400670012
1403, 390-8352, False.,0.10470629670840237
1404, 412-1996, True.,0.11402252597501551
1405, 350-9459, False.,0.06738856304264187
1406, 422-3465, False.,0.11352969559657684
1407, 351-3505, True.,0.09829785854294242
1408, 338-3267, False.,0.19206162440030286
1409, 370-8625, False.,0.48839416645087064
1410, 410-3903, False.,0.06986592830711336
1411, 380-4273, True.,0.2706692345510052
1412, 405-8165, False.,0.01984217479309
1413, 360-8224, False.,0.08032316296767744
1414, 390-7408, False.,0.05522164717590661
1415, 404-8841, False.,0.09814366215255788
1416, 416-3550, False.,0.11279224727483085
1417, 392-5428, False.,0.16109613929281444
1418, 354-8345, False.,0.11681336570685616
1419, 334-2938, False.,0.08257085751232633
1420, 406-4649, False.,0.15484910383491424
1421, 396-5467, False.,0.2691157470651838
1422, 375-7203, False.,0.15244460756551131
1423, 364-8533, False.,0.1782807271389444
1424, 375-6587, False.,0.11457965566427562
1425, 402-1792, False.,0.1011625422965666
1426, 351-3853, False.,0.0298758616334136
1427, 395-1103, False.,0.10611278399523266
1428, 407-2847, False.,0.051507123495104015
1429, 406-8007, False.,0.13494610026972045
1430, 399-1571, False.,0.11092744852431309
1431, 343-7745, False.,0.18827398620160526
1432, 410-6499, False.,0.16255146246988086
1433, 371-7111, False.,0.024953265311567118
1434, 394-7129, False.,0.03142799828129438
1435, 392-2267, False.,0.09192783748041372
1436, 333-6661, False.,0.12364514771008761
1437, 378-2996, False.,0.06687026385366399
1438, 399-2354, False.,0.23198577546609161
1439, 413-6583, True.,0.0503540276085796
1440, 371-1481, True.,0.04034756639411182
1441, 351-4786, False.,0.14077623014511614
1442, 328-1728, False.,0.024135753996257732
1443, 414-6137, True.,0.4215189920998563
1444, 364-5210, False.,0.09685933654896366
1445, 375-2367, True.,0.0494096029547973
1446, 387-2232, False.,0.09763283569297472
1447, 362-9630, False.,0.09505335018870198
1448, 334-9218, False.,0.16000078614211466
1449, 366-3815, False.,0.06869764319521889
1450, 335-1608, False.,0.22295770533704934
1451, 378-3789, False.,0.10363957115396871
1452, 379-8123, False.,0.08604184209161708
1453, 339-1089, False.,0.03903181258786274
1454, 335-1545, False.,0.016276899298937542
1455, 391-1025, True.,0.07318018333942986
1456, 345-4308, False.,0.14601154311557132
1457, 415-7128, False.,0.16250295461091824
1458, 397-2910, False.,0.338862124460546
1459, 395-2561, False.,0.06706750930692845
1460, 369-2037, False.,0.22816183314663263
1461, 376-6510, False.,0.386853591875792
1462, 411-3123, False.,0.10427115819897737
1463, 386-6362, False.,0.08297138844232896
1464, 335-3768, False.,0.03070554563848936
1465, 376-5983, True.,0.32623494710679196
1466, 357-3354, False.,0.018345154301280718
1467, 334-6819, False.,0.09384612128164681
1468, 385-4368, False.,0.09505124572881946
1469, 419-6650, False.,0.13914434134107492
1470, 382-2277, True.,0.35728648972010774
1471, 372-9024, False.,0.10055245796459555
1472, 406-6159, False.,0.02749228557402805
1473, 418-1149, False.,0.11752243158652045
1474, 385-4165, False.,0.10975054772923712
1475, 365-8541, False.,0.12821091649718094
1476, 417-6290, True.,0.3019469304212203
1477, 393-6536, False.,0.15434556382201045
1478, 421-3115, False.,0.09443997197392577
1479, 393-7275, False.,0.12418695065008173
1480, 334-8646, False.,0.014908372420445926
1481, 380-3894, False.,0.018471224032974538
1482, 418-3129, False.,0.1217950468510169
1483, 352-9179, False.,0.11303437492132294
1484, 385-5069, False.,0.0799505221683345
1485, 342-5240, False.,0.06081866855309568
1486, 360-9919, False.,0.06792661640302655
1487, 364-8121, False.,0.28483217452649034
1488, 343-5656, False.,0.054004366269831135
1489, 363-1245, False.,0.16989941489012092
1490, 364-6062, False.,0.08199615723452187
1491, 421-5052, False.,0.0699610890290394
1492, 330-4402, True.,0.47692438209105303
1493, 377-6138, False.,0.05394601313520524
1494, 392-1345, False.,0.08896864273273149
1495, 413-9842, False.,0.1571597199451296
1496, 348-5559, False.,0.058838172768847084
1497, 376-7462, False.,0.1644013287911363
1498, 351-9727, False.,0.21396619238410347
1499, 390-7940, True.,0.347671704175174
1500, 396-2691, False.,0.050747291853646764
1501, 337-1761, False.,0.03385917131303431
1502, 358-7548, False.,0.13446115074186277
1503, 383-3965, False.,0.08960673622015665
1504, 368-1503, True.,0.3671216675682436
1505, 333-8838, False.,0.25785343205095046
1506, 396-5534, False.,0.20146980115780525
1507, 396-4480, False.,0.11560168500801592
1508, 344-5336, False.,0.04582884970142225
1509, 360-7929, False.,0.07944719187105823
1510, 355-4217, False.,0.07675260727974655
1511, 389-6975, False.,0.15170761982345252
1512, 398-4383, False.,0.1587735244298557
1513, 394-5472, False.,0.04306997607312421
1514, 367-5080, False.,0.06317945241782182
1515, 415-7640, False.,0.0801023991942132
1516, 396-7938, False.,0.10962157161449608
1517, 343-4014, False.,0.07462355579095059
1518, 411-1450, False.,0.12434156378090754
1519, 385-8393, False.,0.07871207489246348
1520, 334-5429, False.,0.10060499577040591
1521, 351-2839, False.,0.24383902021593207
1522, 415-1527, False.,0.029524328411305166
1523, 336-2264, True.,0.2859202222015615
1524, 402-7333, False.,0.09359906462658707
1525, 388-4326, False.,0.05474483665104202
1526, 416-8998, False.,0.059081603505577646
1527, 367-5148, False.,0.09356105934503359
1528, 338-3883, True.,0.7145297205547786
1529, 368-6335, True.,0.28331755601978903
1530, 419-2467, False.,0.05534644159478872
1531, 414-9921, False.,0.13174296846936395
1532, 347-2481, False.,0.11943348738814195
1533, 376-2544, False.,0.18441522988105274
1534, 348-4821, False.,0.10701647797601027
1535, 408-8744, False.,0.17363261049293435
1536, 333-6431, False.,0.23086751903101774
1537, 358-2875, False.,0.5562751953132715
1538, 409-6092, False.,0.1115645648461264
1539, 342-4371, False.,0.0873145207740761
1540, 364-3331, False.,0.016234299373977377
1541, 404-1439, False.,0.05903001321065084
1542, 415-2123, False.,0.07608921617072541
1543, 334-3001, False.,0.1184423795939937
1544, 412-5379, False.,0.09478725825518527
1545, 348-8585, False.,0.06921028690870837
1546, 336-7727, False.,0.27898582712769243
1547, 336-1079, False.,0.2483462014717449
1548, 417-5848, False.,0.07994772783595383
1549, 419-9250, False.,0.1559116471415167
1550, 335-7325, False.,0.08406720011772627
1551, 345-9837, False.,0.20414379977203467
1552, 421-2652, False.,0.2925663598199758
1553, 331-7160, False.,0.09055528068361962
1554, 416-8527, False.,0.08030479412657257
1555, 409-9467, False.,0.07423542963334255
1556, 384-5440, False.,0.044201920236315015
1557, 352-2088, True.,0.10019997510791635
1558, 403-6518, False.,0.1090176114408839
1559, 412-6050, False.,0.1193472593375376
1560, 403-8791, False.,0.03955517423256489
1561, 337-4677, False.,0.09882187618217655
1562, 403-5421, True.,0.4860325948691959
1563, 361-4305, False.,0.044507343258833106
1564, 349-3935, False.,0.23439848995059018
1565, 372-4073, True.,0.3697205813681872
1566, 340-4491, False.,0.16610853944408063
1567, 358-4511, False.,0.04796775378147219
1568, 369-5325, False.,0.0665443556965979
1569, 406-9445, False.,0.03551264838362152
1570, 356-6569, False.,0.23140996917688994
1571, 369-2798, False.,0.08243195741782032
1572, 420-2042, False.,0.10194076283194886
1573, 389-9887, False.,0.044991403675879664
1574, 406-7671, False.,0.04186788709429891
1575, 341-9275, False.,0.305229782237257
1576, 361-5396, False.,0.03184195658858078
1577, 389-6407, False.,0.09300416464144926
1578, 383-5256, False.,0.12637921354674367
1579, 363-6514, False.,0.04629771050764118
1580, 366-7180, False.,0.0338664651599667
1581, 416-7124, True.,0.41815401395352236
1582, 360-5152, False.,0.1377987740539142
1583, 334-8660, False.,0.06118256341715894
1584, 330-8556, True.,0.4809018910292736
1585, 419-1982, True.,0.3215339464457239
1586, 376-7004, True.,0.3699650499971694
1587, 366-7433, False.,0.1969866502204089
1588, 361-4021, True.,0.08842656532275814
1589, 366-8192, False.,0.02681823275619686
1590, 360-2821, False.,0.07036392111005221
1591, 379-3484, True.,0.36989373954166443
1592, 403-8513, False.,0.08547706689186559
1593, 345-8355, False.,0.15283322798924887
1594, 398-5944, False.,0.20533351944910944
1595, 339-2838, False.,0.23329066359340145
1596, 350-7147, False.,0.06809717917528785
1597, 409-9439, False.,0.19415065748465885
1598, 364-2624, False.,0.03599974235009011
1599, 400-7992, False.,0.1595991790481342
1600, 381-8810, False.,0.08913455553806211
1601, 357-1102, False.,0.13879867893984021
1602, 378-2128, False.,0.07183210861775934
1603, 334-5912, False.,0.10334554129653761
1604, 395-9139, True.,0.3840081124528796
1605, 367-8983, False.,0.12318232646233644
1606, 388-1635, True.,0.03958596246033715
1607, 373-5950, False.,0.19822680439160825
1608, 353-4406, False.,0.11755532784764003
1609, 373-7237, False.,0.13836500359683995
1610, 374-1198, True.,0.41378092087966034
1611, 360-5514, False.,0.08935116960952669
1612, 338-6365, False.,0.17299276276637224
1613, 412-5694, False.,0.05873239489383712
1614, 407-8340, False.,0.12190445627880288
1615, 386-8818, True.,0.1794232491900747
1616, 365-3109, False.,0.10253079002518911
1617, 359-3038, False.,0.24947161758568573
1618, 371-7202, False.,0.02060464326347679
1619, 420-7053, False.,0.14216330882350822
1620, 358-4500, True.,0.0317848920875153
1621, 413-2362, False.,0.054026549786850786
1622, 341-9349, False.,0.14445710300185605
1623, 412-6600, False.,0.15161245708075674
1624, 358-1235, False.,0.1924935665086348
1625, 331-4983, False.,0.11638645580730468
1626, 357-5946, True.,0.8164366582799587
1627, 417-7127, False.,0.035521069510560645
1628, 338-9678, False.,0.0492013050325745
1629, 406-7312, False.,0.0760425611476388
1630, 365-4747, False.,0.25472436814725863
1631, 329-8503, False.,0.09096463009201324
1632, 335-3391, False.,0.13498568202984335
1633, 420-6860, False.,0.10350821902992927
1634, 341-8645, False.,0.07834179425185127
1635, 411-2765, False.,0.25354570861795434
1636, 356-7381, False.,0.027793037966206764
1637, 363-2715, False.,0.19986089478518404
1638, 409-8074, False.,0.02651275996350001
1639, 357-1624, False.,0.0836777065977167
1640, 342-2543, False.,0.26741885658723386
1641, 347-4427, False.,0.05391672968687034
1642, 411-9580, False.,0.06752311352272841
1643, 338-1170, False.,0.09097430569315605
1644, 356-5217, False.,0.28805464453996205
1645, 389-4921, False.,0.12539993828877807
1646, 330-3162, False.,0.1658172688727334
1647, 408-8236, True.,0.25001828998480563
1648, 408-3742, False.,0.1285237424760714
1649, 360-8716, False.,0.06360022326755714
1650, 400-1731, False.,0.083522741699705
1651, 341-2423, False.,0.1034467239699191
1652, 344-6099, False.,0.060242287952479226
1653, 364-2584, False.,0.17448806473633946
1654, 397-4141, False.,0.03710002006526498
1655, 397-4475, False.,0.13506350199469896
1656, 407-6315, False.,0.14195750595340825
1657, 364-8203, True.,0.21578181094055288
1658, 410-3888, True.,0.21272742265167346
1659, 355-3630, False.,0.11789536702242373
1660, 411-9655, False.,0.05745099268370916
1661, 417-1886, False.,0.04246168230738245
1662, 365-8751, False.,0.150886649131358
1663, 334-9736, True.,0.2641480542537059
1664, 333-6861, False.,0.08327683620803736
1665, 394-2206, False.,0.07752485549460092
1666, 373-8058, False.,0.042419445432091904
