phone number,Churn Score
 354-8815,0.05670717468967251
 381-7211,0.10580903844733922
 411-9481,0.2365569804184132
 418-9100,0.22737818756516534
 413-3643,0.07665394357551
 375-6180,0.10283283078420957
 348-8073,0.14815005752037494
 359-9881,0.12114732540725603
 353-6954,0.032358046483939376
 403-4933,0.09388963164630322
 360-3811,0.05750417039603213
 353-1755,0.0750629528282282
 372-8233,0.16286273005794347
 371-5951,0.019883048483948076
 381-5937,0.11139197270345198
 357-1784,0.19715699308590692
 350-8209,0.03898882954645514
 400-5627,0.28866972779302824
 365-2473,0.05169064084307464
 357-3134,0.1427604059743361
 396-8198,0.04689017921545059
 382-1445,0.04781022824587807
 391-3827,0.023673440342079174
 365-4330,0.061408543346148044
 328-6124,0.11396358840385268
 328-1642,0.27325552758963184
 419-9753,0.0706207994145147
 413-5754,0.24713310326433124
 373-8390,0.1271808207970174
 359-5139,0.08101616908920187
 359-8799,0.17915947511380997
 416-8332,0.08028030203256573
 350-4349,0.07783027469030421
 369-6937,0.10985938376074134
 413-9854,0.12100039564537075
 392-3989,0.12657776180970975
 378-8356,0.08754113533478165
 334-9483,0.17089707761700132
 329-1253,0.14840005258404973
 376-8749,0.45186078486985803
 403-2167,0.4577924190660649
 399-2766,0.015396891763669224
 365-5972,0.05889999046874796
 398-6972,0.24813189652140247
 387-4946,0.13100816047725308
 390-1881,0.09875958876047138
 412-5272,0.1623177545101706
 381-5680,0.2136562673934126
 420-6493,0.06667292040465268
 388-2010,0.26828341695525265
 358-4056,0.5938764725162945
 330-7635,0.07291126094416771
 392-2572,0.05817234239725378
 420-6548,0.13208527286640107
 373-7432,0.07505755079373953
 385-9556,0.15219943494625798
 365-6692,0.06392018843269262
 416-7735,0.19086116626235705
 379-6824,0.04525931384479423
 364-1015,0.197207630578608
 419-2100,0.024046313820698648
 354-7187,0.031232676044018606
 341-8937,0.3879865347635718
 349-6523,0.20508960759229078
 344-9632,0.06024689656412549
 410-6396,0.10590014800378554
 409-7595,0.07794898910228334
 412-1338,0.12411384202278743
 388-9782,0.17982833726455325
 352-2984,0.06911059568231927
 364-1173,0.12118797647064947
 363-3364,0.17605698234586473
 369-7164,0.15624151870203906
 332-1979,0.06914803614522594
 346-6439,0.04444706106817919
 335-9578,0.06962440727393494
 381-8901,0.06961977646639561
 412-7113,0.020630405362462752
 384-3793,0.06833226302186161
 402-8337,0.35314357566242177
 373-1223,0.0539264056845448
 332-5607,0.0403520297282119
 387-9616,0.22543442210050071
 418-2714,0.20377940888715074
 375-3233,0.13508533538316883
 367-9965,0.03983993328985175
 413-6097,0.0681350690945687
 352-7899,0.17507448639629583
 402-2085,0.2649891068821099
 329-9151,0.03444403660462442
 328-9400,0.11531085186241487
 339-8651,0.15215296382284343
 394-8091,0.017214528821409128
 335-5130,0.044022919754500546
 386-1651,0.05144262840320083
 380-5194,0.3660879375756199
 391-4172,0.07581622803539319
 331-2913,0.15671809059046934
 346-7021,0.011801585996869647
 387-6453,0.12290215198293164
 351-4935,0.3050317474620842
 407-1209,0.19817025407952793
 394-5444,0.11998311165199292
 390-6701,0.10139083002112684
 335-5154,0.02866827563237671
 420-8847,0.055984145153686216
 338-8582,0.3243026412861497
 405-5324,0.05621916261195655
 351-3597,0.29448330554401064
 384-7176,0.207464182247137
 361-7956,0.11290551984456576
 376-5086,0.06436597512528758
 327-8514,0.02597110143800766
 358-3379,0.1421734634725682
 397-9004,0.17784508353937833
 355-9594,0.1178259767753688
 354-5247,0.04733357112223328
 349-3217,0.0697858009417277
 382-9474,0.1100691175852328
 353-2065,0.5428901401500307
 346-8648,0.13157101235114047
 373-6463,0.1428988737087
 408-6003,0.12205780539202146
 329-9540,0.04899866715533508
 348-5830,0.3440578163006374
 373-1550,0.17281882267605336
 381-9368,0.08554063402868677
 407-1073,0.13084271170802964
 379-8877,0.3892677984064284
 342-7045,0.15952004605967884
 357-9659,0.15856151143134023
 398-8386,0.06801678879370823
 417-1779,0.0746092045518399
 329-5479,0.16690704097729397
 353-7361,0.05329706287192256
 392-8993,0.0954107077145747
 374-5952,0.13733933781872965
 348-1875,0.1686618437464909
 347-3893,0.07513757347053142
 420-2897,0.063667858159193
 375-1390,0.06836361364781818
 401-5724,0.05026251299757241
 399-7761,0.15329342739624752
 363-6957,0.14500919852749034
 407-5051,0.21770222495513453
 391-1432,0.11576324010335694
 399-5446,0.07758710273278704
 344-7590,0.13253983916365544
 387-3219,0.10577137581733868
 393-7267,0.05969529861676497
 358-3041,0.024160870532005604
 414-7988,0.07981686760209362
 390-3956,0.10246689033543038
 359-5574,0.38511138824637925
 364-4223,0.07142503488647128
 403-2567,0.13770824125236672
 412-3244,0.11476542967626899
 380-1823,0.11780826395207064
 368-7612,0.030355665932179785
 359-5651,0.15592689344714689
 367-6020,0.06185498684129426
 357-1180,0.44336243536497244
 415-7080,0.17220644223561218
 411-8186,0.18390649321689534
 410-9584,0.5487789587302198
 388-2278,0.3599910745462846
 413-8889,0.1193794102560461
 411-9489,0.028336750300527767
 387-8589,0.09645806332102975
 336-7059,0.06832197059217043
 354-7423,0.06810537730561457
 349-6216,0.1299622388634313
 399-2948,0.08940050222260726
 327-2040,0.20890888272047062
 336-9545,0.06345438275733772
 358-6530,0.11641381581369878
 406-8182,0.047134636913208475
 354-7753,0.11795399529486787
 405-8712,0.15255849096848995
 344-7222,0.02941631706894555
 385-9991,0.03455460543074788
 338-2380,0.15009896117833493
 341-9546,0.12397050349702946
 380-3546,0.07638874511579362
 339-9316,0.12713114047407326
 399-6809,0.2354291607727056
 418-8226,0.26937549136586997
 350-7491,0.10487157085280868
 406-5761,0.034805480576212126
 390-9380,0.03733556618306032
 403-2262,0.062799124723996
 371-2649,0.045996651729334384
 378-9221,0.41407875782795
 350-5500,0.22311126624980784
 364-8776,0.06415561222434242
 414-9745,0.05666767659577101
 414-2742,0.13380676195253205
 400-7057,0.2607559691123677
 379-2790,0.07729945587091892
 345-3986,0.22889926736038002
 370-2864,0.022947456434632453
 410-3396,0.07139691763598147
 398-2585,0.02495130268478246
 397-1039,0.08595646920449154
 413-7801,0.12172031074826443
 372-7067,0.378746354220173
 389-5705,0.048149699916038714
 389-3015,0.7824627312640897
 335-1201,0.17838164523435418
 393-4261,0.11917178513878976
 339-8534,0.2074255175178083
 342-3748,0.07278185665720799
 378-2599,0.09920790299579627
 329-4592,0.3730544284804606
 337-2326,0.19821986808496858
 363-4527,0.21336111850843334
 354-3619,0.04143052354281491
 371-1014,0.5498429139442665
 383-3933,0.0431658717834963
 403-3365,0.10656857173521618
 383-6272,0.14057187493911794
 411-4648,0.06068304395045221
 385-2739,0.6362123191196489
 385-5290,0.21884963759199547
 341-7698,0.059600496621461635
 391-1811,0.06371205827661384
 340-9582,0.11473605078173249
 338-2617,0.11003351056782086
 403-1671,0.3356412581056958
 371-1011,0.059988345498778815
 407-1032,0.2246004275328708
 389-6900,0.27951656183919693
 383-1564,0.1543286777925885
 387-7614,0.10235336149036146
 394-9346,0.11349903284534114
 383-4357,0.026614837467597113
 370-5536,0.07038884122613359
 350-9230,0.07307928279686314
 402-1606,0.0705889444430197
 337-5061,0.4213010617296066
 364-3666,0.055562890981410144
 405-7304,0.09459694570248811
 330-9962,0.2556602127300318
 363-7905,0.5769224236624033
 394-8999,0.14123426961259852
 384-7345,0.03740501014128256
 353-1663,0.11725593240944185
 334-9743,0.07104894920491796
 360-9875,0.2471010357278791
 420-8636,0.05098964771142425
 419-9987,0.11497357663253441
 348-7665,0.3356761666623965
 385-1622,0.04375441065572128
 420-1947,0.2095786762904082
 398-1652,0.24601056149262188
 336-7455,0.13981415804310998
 357-3348,0.21702534854469496
 361-2109,0.08331505395065093
 388-8387,0.22505466276801084
 385-5360,0.1236403351219194
 401-8190,0.1439598140655806
 376-5407,0.1881334727031017
 403-8396,0.5504402982279057
 340-1717,0.13408412654129484
 328-8215,0.5503588938134346
 369-9640,0.04094814603120126
 339-8936,0.18959046846032007
 337-9335,0.09103896458669153
 393-1579,0.08007647885363939
 390-2346,0.19150980185404218
 420-7382,0.05954115611366156
 377-3148,0.25366567813757784
 384-6572,0.08473896618944873
 345-5735,0.4520104309678627
 369-6749,0.09299018273613004
 398-3190,0.13538402267108735
 348-8049,0.2603138801514064
 410-9800,0.20506369070720284
 359-6897,0.10303234195922152
 335-1240,0.0862841904348386
 386-3542,0.21805961705233437
 328-6797,0.10689060727563365
 354-7284,0.08534693600051796
 357-2431,0.6521510348571828
 344-2491,0.22921736612746083
 392-3084,0.05734678259769477
 411-6568,0.04632540250447324
 382-2999,0.256027477399608
 339-8912,0.19687763259234758
 402-3033,0.06737028448464094
 400-5033,0.6161450193785506
 355-1130,0.05474202005965414
 357-8842,0.18149010219371925
 375-8570,0.03744589201559655
 391-3499,0.315657226648707
 395-1013,0.31783642670462164
 410-8903,0.046674233849456834
 377-6134,0.3850009590610348
 408-5877,0.08428586707946452
 389-4958,0.12375820285221328
 419-2506,0.05090799930019273
 358-3522,0.12730979881526047
 333-3376,0.4555119906013548
 393-1696,0.04704247573935274
 340-3984,0.10203233097966596
 367-1324,0.3539528813426321
 396-7504,0.09387865861583536
 422-9831,0.1503208659017778
 413-5746,0.0762556870486386
 408-4744,0.1419679649034461
 412-3166,0.20709212250506331
 376-3045,0.013405910016019979
 333-2485,0.07216768906007698
 358-2656,0.23622028967280598
 411-9815,0.14583364942851432
 339-8657,0.3568174356130358
 416-1111,0.2185333404032627
 415-8746,0.10387900151624595
 384-9451,0.0829520133267064
 383-4798,0.0259669125330934
 378-8975,0.15083848806390257
 336-9559,0.1863128480275233
 407-8795,0.1634772720746287
 395-3867,0.5486330982373634
 344-3858,0.11524734382303348
 339-8673,0.13041994113536057
 391-5977,0.11616597434043494
 346-8696,0.09542311809293443
 404-7454,0.08025480681916891
 410-1804,0.15473896696124914
 373-6093,0.11029377597892925
 379-6521,0.07213766422459494
 403-2223,0.05451663866179239
 418-1122,0.07823188159706798
 420-7243,0.21327594356566063
 352-4465,0.05697287672521691
 392-8092,0.18029886263339082
 354-4045,0.0819808661151814
 380-6361,0.0505159575549599
 379-6451,0.04060895098895192
 418-8664,0.19811522507570517
 420-8246,0.04193692642105911
 408-1861,0.1299823193970865
 343-2609,0.09379606436343679
 352-6483,0.1338708595068125
 409-1906,0.07923991619085949
 345-2425,0.05341492225491638
 384-8047,0.12070399780237318
 383-2893,0.32229031021558807
 327-5816,0.11725582137076536
 420-3882,0.07399659040400555
 332-7925,0.08817591201003168
 327-2475,0.07945280922242477
 397-7972,0.4085139439384713
 416-2198,0.5081430028369842
 365-8756,0.44619969471017684
 366-6878,0.16496827800466998
 354-8989,0.08190841537715163
 393-9886,0.19241687406446487
 410-5726,0.3958923710340565
 361-4732,0.05468066208838826
 354-9927,0.06201907927222288
 386-3218,0.10295697761270499
 415-2707,0.07887243819996038
 405-3711,0.2924319744381127
 410-6738,0.0571661012609434
 367-5122,0.06873321099726779
 412-5585,0.20486697400574033
 355-6615,0.011121757556132735
 389-7482,0.05972924581228105
 378-3560,0.12562675305897672
 350-1561,0.047952866402933975
 382-6944,0.0600160628628063
 385-4852,0.12464509365355327
 403-6395,0.19344803655234954
 391-3822,0.1395818886616017
 374-4355,0.06330402322625588
 375-1752,0.12915851585277147
 359-6664,0.04304943678143888
 332-5124,0.24673119949216832
 417-9570,0.05590427121235188
 390-5030,0.5280078752082483
 354-2307,0.06097790269805826
 371-4489,0.07231384336490713
 401-8590,0.02645894882637439
 386-7596,0.1201466773920275
 331-9191,0.134374768404486
 392-6383,0.15898557821318426
 413-5260,0.15143424345620704
 396-9379,0.08199772422842755
 362-6277,0.08668958168955332
 350-7492,0.07511353009940065
 334-2596,0.1299159523735133
 414-9413,0.16967660062949674
 405-7026,0.15233993142608956
 377-7174,0.015318373374391783
 334-8613,0.31334929679762236
 404-7603,0.39940785354106023
 338-3342,0.07789651435333066
 333-6724,0.08666920520767489
 401-7159,0.07628156373676569
 350-5065,0.15357515644758205
 390-9352,0.38974959666351816
 391-4645,0.13399363514787227
 359-8959,0.10959436247729654
 365-3009,0.044603095373372925
 389-5075,0.1937865905040365
 338-7513,0.13284187097888697
 343-3978,0.09624544206145433
 386-4764,0.025159523249224373
 351-2146,0.047497858622683194
 389-6798,0.11451786828012399
 338-8279,0.10743373898194356
 338-9350,0.16944913846014428
 384-4267,0.08835150589207023
 331-2308,0.14140214200198958
 373-5544,0.1448011635358361
 366-2610,0.1565053828736933
 401-9332,0.40892521075728094
 344-9661,0.18568973090320193
 347-2255,0.07324069193147469
 344-9129,0.2901273943816186
 364-6481,0.024316383883057128
 399-8108,0.0596719060097673
 359-9949,0.031531564021542474
 377-2132,0.10503324437149647
 364-5252,0.10162387816248752
 350-1989,0.11011430629092056
 384-6230,0.3696518517084244
 368-4502,0.16624143575641168
 369-2932,0.21747231213281984
 350-2154,0.06948749747592761
 408-9874,0.26707782179355943
 400-6867,0.057363732976889556
 421-6766,0.27026760358635676
 363-3573,0.062469767494792765
 366-2505,0.33965864297207926
 333-2403,0.20338986329437986
 386-9641,0.19112827938615815
 341-8083,0.13741307143398068
 380-1101,0.2007538609446858
 372-1837,0.05563580375402089
 401-1368,0.020134680022612608
 414-2936,0.1084274963497389
 399-8009,0.05229736287033136
 364-3736,0.025713918969896343
 362-8044,0.010779242855024268
 342-9363,0.034722596303705146
 343-1388,0.13341204918761995
 337-6502,0.023399491530464774
 388-7703,0.04517261063388035
 359-2705,0.12893561160264955
 376-9248,0.1271778218863916
 415-9041,0.11433701126613441
 378-7539,0.21771814005222387
 398-6401,0.1719382077236706
 399-7854,0.08122809937180307
 385-6206,0.03119318187832778
 328-7519,0.12411686072993812
 369-9112,0.05253143513143657
 342-5249,0.06926680209796357
 366-5698,0.06326747131697719
 412-7533,0.03202244770213517
 332-3516,0.06265001038239144
 333-5198,0.02916803908955023
 415-6807,0.19417559682833743
 358-3314,0.06100267134522803
 331-7750,0.055753553291159164
 350-8335,0.0633549512095684
 373-2006,0.20093004832954373
 407-8457,0.11483069563927349
 412-5782,0.07660016653084535
 339-7422,0.07128441614110187
 420-6041,0.05388831570329606
 374-1456,0.17908240774253947
 375-1604,0.16565726166879274
 404-3252,0.15978202549917908
 353-6188,0.10149751382708726
 394-6240,0.09971750238937542
 421-9747,0.48497522179459046
 394-9579,0.09899470686400644
 359-3901,0.0509836933817385
 418-9072,0.0744362000099675
 401-9588,0.15530103196007308
 412-3209,0.09259001111554181
 405-6226,0.10023602818971165
 331-6023,0.17815929371171263
 379-2657,0.18748593378843717
 383-7989,0.038557090367280014
 371-8624,0.3541301564579507
 375-3173,0.08477864278667248
 393-9101,0.18264792706194505
 408-1650,0.31198332154364666
 347-6527,0.03100202213794606
 341-8923,0.09985535505953452
 370-1387,0.09368428399986069
 349-6209,0.09211005845485314
 421-4119,0.23108885390506642
 389-2824,0.14971562763191337
 409-5242,0.13240373668194938
 364-1279,0.11032340859269198
 361-9851,0.12093862187243823
 401-4776,0.07606698173501919
 410-2547,0.17154520030364565
 387-1375,0.17817264341673864
 355-5925,0.046735656161330706
 394-6428,0.1497883776373005
 399-2851,0.14537593960723325
 379-2244,0.20257469390603658
 399-4532,0.15930230759408748
 377-1978,0.023481126901332337
 402-5969,0.029816529084401678
 377-2139,0.14359621737082576
 334-3514,0.12592536190892348
 346-4157,0.07502599721991673
 339-2703,0.01919097985652289
 365-5486,0.07199420846696888
 402-2343,0.1618339487460715
 416-5599,0.026563601136280646
 402-8558,0.25393867105791434
 356-1573,0.043087965597388464
 388-1386,0.06603874345197203
 385-1610,0.05943143014300868
 398-3157,0.15367220589190445
 330-5382,0.08591550510925043
 332-2568,0.016512713933110768
 387-6118,0.03823788508868187
 403-7981,0.12167438297189856
 344-6909,0.2115161289519471
 395-1543,0.08550069202951917
 406-8550,0.032741049094457186
 356-2638,0.2289817892855422
 370-3060,0.11649882949813453
 418-3070,0.1177682879829135
 410-1848,0.13588333023741594
 338-7576,0.19342716498402396
 331-7190,0.10421268501072169
 412-4455,0.11321038041070099
 350-6534,0.10507393506584548
 350-5997,0.4186158541834239
 380-1860,0.06336167152821855
 385-6336,0.10545832792504965
 367-7403,0.47292254681969625
 348-4088,0.28918167639720643
 403-7828,0.016323895621274554
 410-5934,0.029291395685286964
 412-6547,0.4645414055510684
 356-3997,0.01857696307190762
 399-7881,0.08376808770591798
 344-6590,0.04432382898320248
 391-9577,0.13417306202705273
 358-2313,0.20781507747554995
 403-8605,0.13656198730546754
 400-6146,0.13674587070677824
 352-8208,0.1352619475226301
 374-2532,0.05496833822449148
 375-1948,0.08914103991075392
 333-6830,0.0911963952930746
 380-6612,0.13822536548691325
 413-5903,0.12051631902602265
 334-4951,0.06161609213797449
 361-4439,0.13180538830918556
 372-5924,0.0950079557829588
 396-6046,0.07239508840949847
 364-2177,0.08903587833539935
 396-8804,0.03141222260961617
 382-5328,0.19282813715238678
 383-4867,0.24808796811253747
 341-9387,0.37545684035939203
 335-4603,0.1382327109958213
 361-5581,0.06764040956864865
 417-6460,0.057430384797467905
 397-6978,0.16601660385052755
 395-1632,0.1144786449045469
 342-5216,0.04192345214461209
 359-8717,0.25054796597432394
 372-8097,0.4911825301004624
 355-4598,0.06635193547823365
 395-6285,0.09573931935742587
 417-8487,0.14547437881935277
 413-3922,0.0428498881873344
 348-9777,0.10503321223917775
 403-6319,0.19839464733767023
 373-8655,0.5039435743848113
 376-6485,0.04944458368201237
 377-4669,0.16254720302508258
 387-1110,0.06706592379318305
 399-3758,0.09825723074999977
 362-7200,0.0834071342970331
 369-6950,0.04084133059069002
 420-8171,0.14978960583324194
 388-7109,0.0922786917743587
 329-2539,0.13562841878457735
 409-2188,0.04227485522642374
 341-5178,0.058896364862729964
 382-9271,0.16997004051946005
 410-4408,0.1386202861194863
 416-9571,0.14321432518564847
 410-1505,0.3508812100159822
 329-8143,0.03669433372979479
 343-1137,0.03386188629526191
 389-1031,0.11868417784462562
 357-9596,0.08516559426687909
 330-5163,0.014728820313624595
 415-8689,0.11357076719378979
 342-8720,0.01789810271442639
 332-5129,0.1679001571230619
 368-2732,0.041631068469935355
 393-9216,0.19272180856215496
 407-3765,0.1840839911300301
 377-3136,0.42426287440717536
 418-7544,0.14207502287949914
 379-8021,0.1262262770535488
 360-8721,0.06261091320720924
 411-1584,0.10064117072595619
 419-6399,0.055355853836492754
 329-1971,0.1693876958142649
 356-2563,0.03758412700852622
 334-2057,0.09907161774802602
 394-2717,0.08664012229725204
 364-1284,0.5993973230129459
 336-8855,0.383352402002894
 390-1966,0.11399846325360757
 409-3582,0.4169444309526683
 367-8127,0.12890167159048677
 382-1590,0.023148581596138685
 351-2833,0.07026415170261621
 332-3279,0.2902709719436421
 336-7952,0.07900412592064984
 347-6351,0.09061109303516181
 394-8614,0.10091602571678178
 419-5480,0.16560917738193512
 339-2216,0.1664938927236077
 383-2254,0.5047986213282671
 379-2614,0.19418718973317442
 354-5402,0.24792706243455553
 399-4432,0.15894103170174156
 413-1992,0.359078210183152
 355-1369,0.025449467964632613
 335-2305,0.0687841600640127
 420-8150,0.07695008204628383
 395-4108,0.20545658508223005
 415-8119,0.048958293795853425
 379-6964,0.07022865277149926
 395-7926,0.02809322612797046
 327-4579,0.5920461662207788
 375-6665,0.04121067720353881
 383-5695,0.16684046387144666
 386-7245,0.1708088110466982
 333-2885,0.18407588027750565
 357-4496,0.31288715755626473
 381-7755,0.10413216533637905
 400-3457,0.020323950601133515
 395-6370,0.07420842680121999
 409-3198,0.27848908095663405
 391-4987,0.18081852500710463
 342-6813,0.3653528985405987
 418-6866,0.06372368033333399
 421-6869,0.06669408440277882
 373-4263,0.15371338214106597
 406-2551,0.16595967614130178
 339-3059,0.0803014725783774
 341-9862,0.08331200993424542
 411-1056,0.15746268196108998
 345-8125,0.05141654881532703
 411-4378,0.12325816132062586
 416-5463,0.03496023745106819
 363-8175,0.11584314679578053
 414-8688,0.06294875999666928
 354-8492,0.3653087922455396
 373-4947,0.020065146150764324
 406-9868,0.07683339816768886
 366-5737,0.1356591882617104
 421-2900,0.16078057133093276
 345-4653,0.1041438647267662
 387-4808,0.08536005189545984
 331-1846,0.24375235739276316
 403-3502,0.06034587515807094
 416-1447,0.06797611786752598
 334-6371,0.07222410605825957
 357-3352,0.17079084304954584
 371-8517,0.16058874506692775
 373-5115,0.07633727568547936
 351-4569,0.5331188453274308
 343-6686,0.07133434589164941
 349-9172,0.13453773322166193
 329-4168,0.16571816676487558
 356-9042,0.1237560113195606
 390-2562,0.6483004856662075
 404-4312,0.05455182844242332
 401-9705,0.08456933907364456
 366-5096,0.12871213253125016
 347-3360,0.11135570817651387
 410-7256,0.09598099020388011
 397-1984,0.10830244563384019
 403-1542,0.0406158611324506
 329-5112,0.03734229602159208
 399-6945,0.3644818394451764
 331-8469,0.058125381292273556
 387-4222,0.15866998130910698
 362-1297,0.1716019142108476
 391-3380,0.2743330472336262
 338-2768,0.13517688897903674
 388-5162,0.09513744459124614
 401-3615,0.1248940845125211
 384-2846,0.2613227423987263
 360-1292,0.27323272021609646
 408-4628,0.061840294751587505
 345-8273,0.3790110843074713
 382-5278,0.14089944113729302
 377-9241,0.09206424388347033
 351-8843,0.11870047319784727
 404-2461,0.043240036814697104
 349-8440,0.05048993994512996
 397-5665,0.3276691825759182
 406-4435,0.08108977796226989
 402-4433,0.11309068071307711
 342-2394,0.12048987623367119
 351-3724,0.15358389625692764
 384-1980,0.08714196270001624
 400-3569,0.04914954227760083
 364-4057,0.1208121392405854
 414-5978,0.06442444658521117
 410-4662,0.2390017063826652
 366-2822,0.10692477783402005
 382-3713,0.11295975180892488
 396-8095,0.0372642437601468
 401-9574,0.11578543070808818
 352-3780,0.19082789729807254
 391-4345,0.359254563447262
 341-2398,0.0523468739475657
 394-6726,0.10510605603515404
 338-7859,0.16311162531355416
 375-7103,0.3486689640821456
 397-2769,0.08762548526143443
 410-4829,0.3271418950279838
 371-3276,0.12012022804347286
 335-2978,0.029359901430507797
 401-3419,0.04703488725007673
 420-4405,0.22978656687757146
 351-9552,0.14258695606964525
 418-9746,0.09628897965902557
 369-1046,0.10919207107762072
 369-7226,0.1115264280824825
 391-7154,0.03142218385704971
 357-6526,0.11382387736629496
 350-5622,0.2903644523688403
 343-3870,0.11928440196328058
 343-8580,0.2144326534518759
 331-5614,0.22338089429054556
 372-4493,0.032277669292611666
 342-9503,0.025235738553463567
 343-3973,0.10863459304481916
 374-3585,0.030225766251321517
 378-7878,0.47475553465807435
 420-9325,0.07189122354622715
 338-7583,0.06204032365980501
 399-1915,0.07070379406710485
 329-8057,0.13858053290842318
 358-5492,0.16191270266283792
 385-4731,0.3477617450911843
 364-8868,0.028491523962164443
 384-6032,0.07695311912437384
 389-5315,0.17203141815040557
 348-8302,0.12735990833952904
 371-8654,0.16478044306179704
 329-7365,0.2366725209195516
 362-9109,0.2346764509346087
 352-5412,0.05177015537881881
 365-8548,0.14547745347219534
 349-3579,0.11520156195084758
 367-9956,0.09968414199387836
 372-3559,0.06074535582843077
 336-7199,0.20112632318893783
 389-9083,0.06280405473838932
 329-6776,0.1627904710965846
 420-7897,0.06113859643213348
 329-2452,0.26812069600088984
 377-1433,0.23348535374737334
 342-8693,0.19399223845375566
 393-7991,0.35428815011407777
 380-4524,0.1278459560767441
 405-4350,0.12597468073932316
 338-8612,0.17628608862020417
 418-9470,0.08589609383072032
 414-1467,0.27393457201398347
 361-8748,0.05178579016089011
 355-6250,0.48972505748834466
 412-3425,0.14071680144249735
 334-5571,0.24516813036837107
 357-6794,0.11887742929196252
 355-5221,0.16947415324409396
 414-2036,0.12812844531190443
 405-2234,0.10401470646940456
 407-3201,0.009067624952388184
 367-3304,0.07730582141082727
 377-9526,0.040673898639982234
 342-8813,0.08225053636641927
 371-8929,0.4141724349609789
 329-8540,0.17930658119576934
 377-5013,0.054737190821502774
 381-1712,0.058343333685253906
 398-5195,0.2987798611885162
 366-3805,0.12152381508436456
 339-4924,0.13785631995370798
 396-8551,0.3947740702976468
 417-8960,0.041997798155942116
 366-9936,0.41572473011913325
 399-8419,0.3823922350426808
 421-1264,0.04598852285085624
 364-6992,0.22271004812417108
 411-2297,0.10142260177700929
 356-7848,0.05293799855099141
 335-5378,0.09628286599027945
 364-1224,0.08822899665829523
 387-5388,0.24829394360898835
 401-8994,0.07620103397302848
 400-2419,0.05142853159516872
 337-1993,0.1409368915107825
 360-8926,0.0433872713955573
 420-4654,0.5519030325380098
 354-2215,0.16456742198163915
 399-1939,0.13772507453068145
 390-2676,0.0506683694651442
 420-4132,0.22119627042588105
 393-2256,0.0921534700498409
 386-3716,0.08011097367940752
 389-8407,0.06356291670247717
 342-6680,0.20932677396646268
 364-6617,0.40067802950510356
 383-3583,0.059167446833291074
 338-4704,0.21922710187873448
 400-3168,0.2232155378228431
 394-7682,0.3838716557873961
 337-8750,0.04908445460967762
 329-1120,0.07137165241243155
 339-6887,0.08410116587617024
 382-6740,0.08310868411351698
 399-1526,0.3518204134849995
 382-6119,0.19897141887413736
 404-2069,0.1485908769732687
 329-2106,0.2547386076169458
 384-8314,0.0922223353288564
 358-7212,0.050709691915132804
 370-8039,0.04913682346077884
 387-5618,0.31504257935174473
 409-3611,0.08326265676291034
 373-4542,0.06896544262333669
 384-1895,0.23976327615119447
 380-1093,0.02197708189214729
 383-1580,0.1335619336219775
 341-9321,0.1998208451671809
 384-3968,0.30518201885473545
 342-7847,0.06494670422296775
 331-8698,0.10862996921443543
 337-7132,0.17317325932772146
 364-7579,0.10304080311933896
 379-7890,0.8860645355597991
 420-6893,0.06737529845347898
 358-5239,0.018034338340777174
 343-4434,0.08366325974272028
 385-6470,0.06646425880575982
 327-6947,0.07454238107732697
 413-2034,0.07563501442487922
 364-1156,0.13497491984563445
 379-6936,0.05597348969975981
 327-7615,0.09345886341684866
 334-3433,0.2071483296642873
 386-7672,0.04097250855010237
 330-8642,0.1122622202454045
 352-4255,0.10643239724283324
 334-3152,0.12955517591811944
 356-3554,0.10497806690753134
 404-9485,0.1554553586022508
 361-3491,0.09711795178410429
 393-8000,0.06540654174896894
 403-7587,0.04947622205596114
 375-8584,0.1600858556612455
 400-4883,0.21572360301188528
 380-2125,0.1552180698141015
 407-7760,0.36326680629061237
 404-3184,0.11372418883831593
 391-1850,0.07339191342953891
 353-5218,0.06172417255390045
 413-6899,0.0490511185470865
 363-5220,0.5316664802917221
 388-2082,0.05535227271348342
 403-1286,0.04024982720531941
 399-7573,0.20561023874543824
 412-4990,0.28400140023030246
 406-7175,0.1731929667009203
 410-4125,0.04842095198912776
 372-2361,0.20169305777268717
 379-5981,0.03904852287447565
 343-9362,0.027685780169152036
 407-1461,0.3047518921876358
 336-2510,0.21768697906935633
 390-2027,0.3027250971242536
 350-9298,0.10509421247315179
 343-7980,0.177533927920306
 338-6767,0.15575452592929442
 383-9392,0.05993698931292428
 350-1054,0.15740137750962913
 382-3034,0.08314409768397771
 354-7303,0.020963159145047906
 416-5380,0.19717013220232144
 359-1287,0.02571574209126474
 368-5046,0.30550540596224857
 416-3536,0.07450192821093819
 347-1182,0.1285277181495823
 402-4206,0.17006284684057618
 398-3490,0.1048919911935911
 342-6182,0.07576900467978445
 389-4686,0.40858815891528244
 380-1669,0.04866355691232292
 403-1409,0.0509567301836794
 410-4629,0.22615495164970698
 355-7681,0.055313171296380075
 418-7885,0.2177984181251159
 365-1710,0.20135254802870836
 388-4235,0.21982890835023042
 375-6971,0.11670060728228378
 395-7027,0.06447649906921062
 344-1999,0.06270090114958923
 364-8637,0.08705755498664523
 342-4634,0.173470752447288
 419-7320,0.03119688233269878
 351-4104,0.2960412209545371
 398-8353,0.0410969619217536
 387-6522,0.1315433455352699
 328-6785,0.106328222544521
 414-5554,0.5268795566275694
 365-9789,0.2521257094799905
 349-3065,0.09059047468733894
 386-7001,0.07272156062074638
 412-6782,0.6127676210801163
 367-6010,0.2098242744347984
 422-8472,0.13917653712322814
 370-4667,0.24864392946787195
 414-6478,0.06741834554497897
 380-4194,0.07604405640686986
 409-8346,0.49184459167439504
 339-9147,0.11678141629227959
 371-7098,0.20824035828217127
 399-5418,0.12024425641886849
 409-1729,0.06882114212478133
 387-7184,0.13886425945845218
 407-5234,0.24900023237756358
 377-4646,0.06388760571366299
 347-6706,0.10684776270554397
 360-8131,0.3757901043289197
 342-2078,0.1697263580064375
 332-3072,0.10436120475694433
 394-5397,0.07336992680309921
 388-8481,0.1282367666939644
 385-3019,0.0827038787005907
 337-1302,0.07757038822602014
 370-5687,0.021791469870176935
 355-2963,0.09651208452069608
 352-3832,0.6215060473844237
 416-8826,0.01705956615324687
 340-9208,0.15529863764854465
 379-6697,0.14856347100637285
 386-9320,0.058875355100184025
 336-4889,0.7863446309144927
 352-1257,0.12373892635874098
 396-4149,0.22439074407167076
 408-8873,0.11282341095593243
 340-1893,0.1109322345479344
 420-1372,0.0900984491243988
 385-7814,0.1903243924030098
 400-9082,0.034288336588956296
 368-5621,0.10745845405478685
 355-3803,0.19256224305956363
 382-4771,0.5766371950284359
 340-6060,0.08430476852643957
 379-5017,0.35508495169837107
 347-2422,0.04124143265968295
 335-6557,0.6394567615859577
 408-8957,0.2508610570811733
 379-9438,0.06062052680063114
 329-5668,0.032699444224958664
 417-3313,0.11905874428961083
 372-1849,0.1341891232897636
 402-6363,0.17582776110618664
 402-7349,0.17794496493551545
 414-2751,0.5714676204836272
 351-9450,0.12599375787950579
 330-9197,0.08874271824901894
 367-8176,0.109202096905579
 409-7971,0.06749816901889934
 333-6788,0.6469193487923595
 386-3651,0.09711122508642431
 417-3884,0.08604269441765759
 395-9771,0.028080187146090757
 405-8341,0.40714281443547956
 397-7074,0.061350697625379584
 345-1157,0.2977605888424042
 358-4181,0.1162988332771206
 379-8644,0.3194309861952666
 358-4969,0.03686623114393037
 331-9374,0.1645906181601076
 416-6760,0.07164014916903652
 341-7855,0.054377693151174036
 387-4090,0.44759799403316763
 329-4175,0.10788594560092413
 348-3694,0.04719566543528134
 368-5606,0.09826513084375366
 403-7877,0.08193563868518074
 333-1633,0.17488445461116514
 418-7248,0.16244691778618559
 409-4681,0.059531950052078314
 394-5644,0.28284952706185224
 349-6098,0.2178050508971312
 396-4269,0.043578642857370134
 420-6843,0.08684324518424899
 398-5465,0.016306028133237362
 354-4763,0.09462432377436972
 351-6644,0.0727107625556339
 397-8771,0.20387439472847155
 398-3969,0.11659548217032206
 384-7156,0.06611912643821159
 396-3744,0.6244967051958964
 333-1826,0.18522930928223189
 360-8501,0.10015109680862617
 350-5398,0.03880940645227585
 354-2301,0.11228957539291207
 328-9030,0.1055125324926105
 405-5431,0.15364850825403906
 379-9498,0.12266258442703551
 418-1678,0.05389977094682647
 373-1437,0.23687368913179244
 376-2803,0.24891855266598248
 412-8992,0.2659819389239531
 334-6492,0.14324957835778776
 364-8778,0.17193031917518334
 421-9683,0.03537037680567264
 407-5054,0.07130814616942141
 411-2289,0.5161114581108496
 359-2149,0.07590157701163416
 369-1757,0.10502862151510814
 387-5176,0.1810271708067952
 408-7260,0.07585464539423338
 420-3480,0.0499920889594254
 343-5445,0.10693318566625816
 352-7986,0.1893840102050506
 372-2527,0.04552799850943337
 412-2578,0.19317463897924128
 379-2554,0.058443891480618196
 380-7206,0.26352147192152414
 333-5541,0.09548521151767797
 411-2995,0.042909334032073934
 411-3547,0.045956039909721365
 370-6858,0.467307493126335
 416-5528,0.08294789212724835
 329-9685,0.054869940645117216
 364-3035,0.17777743758169162
 384-7646,0.08842248167815701
 329-3501,0.042837839824769804
 418-2068,0.1995994219796463
 364-7547,0.18235770963931316
 359-1487,0.09270826386009832
 390-2383,0.10109700300571345
 368-8579,0.15244480725717577
 366-8322,0.18163917302445665
 373-7819,0.2134333090152968
 418-1655,0.14126798512691868
 380-6554,0.09525408174512479
 411-7944,0.12564613423172977
 365-4106,0.4389902288905651
 368-7933,0.13272594602085402
 372-6246,0.028456445412997543
 348-6721,0.11690540748215994
 406-5281,0.7118047292468681
 386-3025,0.06473794348269588
 351-4517,0.11716757046889817
 350-4256,0.08266851486355445
 392-4995,0.09293437182015543
 367-3275,0.3244794142121095
 403-6877,0.06045571957873914
 350-2332,0.13425036996772757
 377-8126,0.07674367727529662
 375-4450,0.042928602615619656
 379-5420,0.05088607603385315
 405-6350,0.17318318225632032
 363-2674,0.07964511590856457
 417-3093,0.143300256972397
 403-8383,0.06520738800293999
 340-6397,0.07656551849995884
 416-8652,0.030904075093168382
 349-8594,0.026790454883570024
 335-4379,0.07421636477159366
 400-8619,0.24062880793928876
 337-6212,0.09270325860825276
 386-5996,0.16344722825278454
 347-8258,0.22254092106101508
 373-1160,0.03848914323933003
 380-4150,0.05774496771793781
 330-8787,0.14277474999231776
 369-6042,0.04997967928301753
 372-3670,0.1367739111595632
 344-8759,0.1613176220658756
 380-9660,0.09884946951719735
 338-1968,0.13731112479498753
 341-4332,0.5522693710976638
 400-6094,0.1304221482092894
 353-5289,0.06916911947888955
 339-3672,0.050489469348951446
 404-6427,0.2216801859858929
 377-6036,0.08523170122356168
 401-7439,0.08016774606336204
 347-4928,0.08232330806609058
 368-4117,0.04515925323191707
 393-4707,0.1912538007285141
 373-7804,0.25806925527358404
 417-4285,0.027656306521108395
 408-7909,0.1537566347215622
 399-5167,0.15134764983238863
 375-8931,0.1262879593043727
 418-2321,0.15637165917874046
 395-8865,0.06272098464291082
 369-6323,0.15281630890066722
 361-1256,0.19776918138583502
 380-3141,0.0245124057134812
 367-8066,0.08940000796643577
 340-9715,0.07774368472665014
 388-7231,0.03019774125032704
 413-1858,0.1132471397216147
 416-9219,0.18345202506512945
 341-2862,0.03611645956940529
 356-5066,0.20210697196172372
 375-8229,0.2045800659152165
 342-7953,0.2973807999072136
 397-8357,0.269498360718129
 396-3138,0.1749702254509548
 366-8053,0.23594381165437073
 412-6048,0.1879546263093885
 390-1385,0.45834914903959145
 376-9305,0.3514601833337283
 356-3006,0.11005525361936268
 354-7765,0.15314861186754028
 408-8444,0.13261929847311002
 349-3633,0.07248987543225811
 331-5650,0.10252546315442528
 347-7259,0.07770413692822296
 372-8261,0.05650877837769305
 390-2848,0.266362624729301
 358-8220,0.05354322019596983
 406-5144,0.15562213896588295
 411-1626,0.03146203754214037
 331-5631,0.20549121254415675
 333-4239,0.2706960794631153
 331-6403,0.19211152333174045
 374-8632,0.16757763712223772
 413-7537,0.16210874501863012
 385-1733,0.482133592704485
 354-7711,0.3340722662380864
 390-4127,0.07298978214672219
 410-6815,0.4657373947842214
 394-2576,0.3842497429838764
 395-2817,0.03661580653075097
 377-9045,0.22458535326236184
 338-2813,0.07691753659428817
 412-4971,0.07891460216012343
 364-9028,0.06898400464580581
 384-2907,0.26994920723339666
 366-5049,0.16503124724428758
 420-4140,0.09598515640106865
 381-5641,0.4581075471285599
 404-3055,0.1313763653838962
 416-7924,0.201681044886229
 406-8380,0.06980214522365316
 367-5128,0.038903529989908474
 330-9351,0.08803266602588357
 358-7985,0.27299804425869245
 378-8317,0.14002007605597808
 331-6243,0.3221005356174139
 379-7476,0.15820691139741777
 378-1408,0.09774030436269744
 349-6158,0.15365512122611022
 398-8927,0.393537512497071
 377-9636,0.19587096417132796
 355-3062,0.1394514021150076
 407-8683,0.11337471844744372
 405-7948,0.0480062897153413
 396-2646,0.08043243578187873
 398-4699,0.33152346841914787
 387-9043,0.06072036993791841
 403-3235,0.09104355184227579
 409-2788,0.05754058267488378
 359-1645,0.26455238513683627
 405-1184,0.472775671440067
 399-4204,0.30144659528180967
 401-3749,0.09100559328870067
 373-1739,0.2740795539012893
 337-1944,0.1939990733749024
 337-3453,0.05466346527009543
 381-7815,0.059821815409425015
 400-8640,0.0794736100376739
 414-1854,0.04133070027686462
 404-2850,0.2297637547590663
 411-2117,0.08443492493145704
 374-1411,0.20027551602206528
 410-4156,0.1274900108978186
 388-6108,0.02422795685817799
 354-3963,0.186540950172096
 413-2121,0.1426490776485746
 340-3837,0.09482632271928947
 351-3590,0.08745555627013005
 387-2956,0.11314504737210448
 347-5734,0.04886183896935697
 352-8833,0.14992796961713292
 373-2483,0.1031712059976131
 363-1871,0.23485067223992082
 369-4991,0.18407420359857538
 365-5778,0.019809647739534784
 419-2228,0.0713874213891096
 342-6200,0.22409366694680866
 398-9791,0.18031796664480523
 377-8635,0.027036340213465487
 354-1754,0.09130232356017069
 387-5133,0.06377154963144188
 367-2480,0.1178597411065398
 413-6203,0.14985597707333675
 337-3699,0.06922149096320734
 391-6449,0.16192680135039317
 335-2410,0.1254391495124267
 364-4535,0.12336067625735912
 375-8260,0.04824762343452481
 389-2130,0.11570546815702372
 421-6168,0.09261705483385549
 401-1455,0.05543365080385023
 358-4997,0.2754530656616719
 417-1397,0.04675089968624671
 383-6332,0.1164977003105614
 338-5344,0.07278119041761645
 333-6486,0.2081247568285342
 371-6274,0.16762854239124822
 381-9931,0.13399429538856852
 387-2084,0.7195001871663965
 383-7095,0.09908999324071278
 368-4510,0.10881269108465574
 350-8219,0.08393737754502446
 350-7785,0.30104504134084464
 347-1864,0.6761051087251705
 345-3199,0.039789969639118475
 374-2374,0.05961138090006434
 351-1816,0.15114904468982654
 416-3576,0.12408906525396828
 378-6684,0.14125939464891157
 405-2038,0.27861366004705646
 390-1597,0.054577962895451956
 327-9613,0.08378133462447619
 331-9226,0.07792249419293822
 371-7947,0.09808392957745572
 376-5968,0.02387228169553261
 422-8152,0.11979632194929218
 330-5602,0.03681795489283566
 396-7652,0.08496086227115052
 333-1661,0.020601755937562076
 419-9550,0.023524242759030832
 416-6596,0.6306539557483136
 348-3424,0.069061677779937
 336-2113,0.09443252585875034
 393-8963,0.2024826920270652
 407-1491,0.04174250378528892
 342-6864,0.33671169829169584
 378-5140,0.13313369157560165
 414-8045,0.28343815355970536
 369-5896,0.17674967981872855
 348-6199,0.04624848769271163
 408-8885,0.17230218994135948
 361-8630,0.07182408407376538
 416-9174,0.1373842960012572
 377-6340,0.05686173203828097
 346-1098,0.04527932394053394
 374-4186,0.11857123204173506
 419-8866,0.04540062198565219
 342-3593,0.11289651499485583
 345-7512,0.015399323184159201
 343-6820,0.18272566266960155
 338-4794,0.08042779376318546
 355-8388,0.06419113953416837
 409-6884,0.1183323381555816
 340-4599,0.09789289137731934
 419-8830,0.12439193004818579
 419-2044,0.013800144700021885
 378-4742,0.05115072068648583
 379-6150,0.10686483925166244
 422-8906,0.19150286647517487
 364-3553,0.12522943440298112
 373-2387,0.1192524577456782
 392-4556,0.09858121712076838
 353-1300,0.17146803675582753
 339-7623,0.025383353928224082
 388-6925,0.04374207112241208
 405-4441,0.07272960625850197
 396-9684,0.11721712587073536
 397-3854,0.1399505278803312
 394-2549,0.06294708670281904
 407-6746,0.20775437581379053
 337-1017,0.13935439905527508
 367-1806,0.025131666029700888
 376-9077,0.36377656292528454
 381-7440,0.1326956634974959
 371-9388,0.3912268772015542
 330-9102,0.1377305258391493
 399-1377,0.36491759604877094
 366-7430,0.08784756315699135
 395-5549,0.02460696448852944
 393-3431,0.5041104715395015
 411-4797,0.11890045443996344
 334-8668,0.15456422451696028
 385-8301,0.021200627815590133
 413-6417,0.10829150922061645
 378-7171,0.11200892394633884
 337-5390,0.18518838528286943
 413-8297,0.17233164349095487
 414-9924,0.07899863456554931
 336-7762,0.06754199301025149
 385-8758,0.26477832496816467
 402-7173,0.06446697502080598
 396-8663,0.06443277553203006
 400-6520,0.08805783553491509
 344-7508,0.030430995122848442
 396-1316,0.14247691516558572
 389-8812,0.05017021515360265
 380-5600,0.10281244740697557
 409-9699,0.04437041201341683
 396-6712,0.22122973877473603
 330-2627,0.08499441000330733
 392-8252,0.06685366767076462
 379-8315,0.31578014540764693
 369-9280,0.0657430743815647
 420-1296,0.532998646567358
 421-7427,0.04956985684157812
 385-2811,0.1059894376404916
 349-8988,0.22427082341414717
 333-7221,0.06505323798301593
 391-6973,0.02529594456940265
 371-9065,0.016441682590838513
 389-3992,0.2330013624576939
 364-1001,0.11207289671209515
 371-7406,0.10985962513046556
 387-7338,0.10923265036715257
 419-8947,0.11274582940387934
 386-8678,0.030776896991580833
 417-9122,0.10433678481936443
 369-5327,0.05300932695795887
 402-4898,0.04998563599781554
 422-3701,0.06316812475491582
 342-5610,0.19553370861376115
 343-2507,0.04832347100710032
 370-9624,0.17448575088250332
 392-4026,0.6614041976078467
 386-4495,0.04378404067204681
 373-3185,0.40093736411417213
 369-9169,0.041777700211572
 378-3392,0.2826472477782854
 413-2720,0.12513873648980806
 388-1570,0.09848644902195969
 345-9530,0.1114332519859943
 354-1588,0.043005114037196625
 338-3265,0.027527500934746797
 357-1685,0.09446552807989309
 361-7238,0.08643044763458471
 346-4638,0.0923270475715841
 358-4536,0.07153078270529946
 408-3215,0.16613910648096197
 401-5654,0.09020745577658128
 416-9329,0.20419435315245177
 369-8569,0.09291003071135268
 361-7995,0.07608504958449572
 393-8065,0.12754746313300344
 402-7954,0.1536883492885228
 397-9729,0.22534123752183327
 393-9679,0.08995355021281307
 345-4482,0.4585455394250469
 333-9428,0.5029853885082708
 405-3504,0.0509656729247425
 390-5776,0.18428103147911745
 389-4585,0.09266986179614871
 332-7088,0.08708742647418469
 369-1521,0.06066838769718418
 410-2570,0.09929046751255384
 387-5736,0.06930965765779538
 347-9629,0.13034172638831984
 397-5715,0.06904372792286649
 405-6013,0.49264346566846645
 402-2371,0.16759201642131294
 422-7769,0.27925612964732943
 342-8290,0.026993544902993223
 352-4586,0.11668617556724861
 367-7186,0.18670798560307195
 365-2713,0.09787085441061096
 377-6009,0.1102295621926736
 336-3641,0.010950978235903517
 386-1232,0.07736939979732897
 397-9547,0.09235832590345185
 368-2580,0.08112134138305484
 402-2974,0.06173410985900978
 340-7792,0.06439208803742394
 382-5340,0.23404626400670012
 390-8352,0.10470629670840237
 412-1996,0.11402252597501551
 350-9459,0.06738856304264187
 422-3465,0.11352969559657684
 351-3505,0.09829785854294242
 338-3267,0.19206162440030286
 370-8625,0.48839416645087064
 410-3903,0.06986592830711336
 380-4273,0.2706692345510052
 405-8165,0.01984217479309
 360-8224,0.08032316296767744
 390-7408,0.05522164717590661
 404-8841,0.09814366215255788
 416-3550,0.11279224727483085
 392-5428,0.16109613929281444
 354-8345,0.11681336570685616
 334-2938,0.08257085751232633
 406-4649,0.15484910383491424
 396-5467,0.2691157470651838
 375-7203,0.15244460756551131
 364-8533,0.1782807271389444
 375-6587,0.11457965566427562
 402-1792,0.1011625422965666
 351-3853,0.0298758616334136
 395-1103,0.10611278399523266
 407-2847,0.051507123495104015
 406-8007,0.13494610026972045
 399-1571,0.11092744852431309
 343-7745,0.18827398620160526
 410-6499,0.16255146246988086
 371-7111,0.024953265311567118
 394-7129,0.03142799828129438
 392-2267,0.09192783748041372
 333-6661,0.12364514771008761
 378-2996,0.06687026385366399
 399-2354,0.23198577546609161
 413-6583,0.0503540276085796
 371-1481,0.04034756639411182
 351-4786,0.14077623014511614
 328-1728,0.024135753996257732
 414-6137,0.4215189920998563
 364-5210,0.09685933654896366
 375-2367,0.0494096029547973
 387-2232,0.09763283569297472
 362-9630,0.09505335018870198
 334-9218,0.16000078614211466
 366-3815,0.06869764319521889
 335-1608,0.22295770533704934
 378-3789,0.10363957115396871
 379-8123,0.08604184209161708
 339-1089,0.03903181258786274
 335-1545,0.016276899298937542
 391-1025,0.07318018333942986
 345-4308,0.14601154311557132
 415-7128,0.16250295461091824
 397-2910,0.338862124460546
 395-2561,0.06706750930692845
 369-2037,0.22816183314663263
 376-6510,0.386853591875792
 411-3123,0.10427115819897737
 386-6362,0.08297138844232896
 335-3768,0.03070554563848936
 376-5983,0.32623494710679196
 357-3354,0.018345154301280718
 334-6819,0.09384612128164681
 385-4368,0.09505124572881946
 419-6650,0.13914434134107492
 382-2277,0.35728648972010774
 372-9024,0.10055245796459555
 406-6159,0.02749228557402805
 418-1149,0.11752243158652045
 385-4165,0.10975054772923712
 365-8541,0.12821091649718094
 417-6290,0.3019469304212203
 393-6536,0.15434556382201045
 421-3115,0.09443997197392577
 393-7275,0.12418695065008173
 334-8646,0.014908372420445926
 380-3894,0.018471224032974538
 418-3129,0.1217950468510169
 352-9179,0.11303437492132294
 385-5069,0.0799505221683345
 342-5240,0.06081866855309568
 360-9919,0.06792661640302655
 364-8121,0.28483217452649034
 343-5656,0.054004366269831135
 363-1245,0.16989941489012092
 364-6062,0.08199615723452187
 421-5052,0.0699610890290394
 330-4402,0.47692438209105303
 377-6138,0.05394601313520524
 392-1345,0.08896864273273149
 413-9842,0.1571597199451296
 348-5559,0.058838172768847084
 376-7462,0.1644013287911363
 351-9727,0.21396619238410347
 390-7940,0.347671704175174
 396-2691,0.050747291853646764
 337-1761,0.03385917131303431
 358-7548,0.13446115074186277
 383-3965,0.08960673622015665
 368-1503,0.3671216675682436
 333-8838,0.25785343205095046
 396-5534,0.20146980115780525
 396-4480,0.11560168500801592
 344-5336,0.04582884970142225
 360-7929,0.07944719187105823
 355-4217,0.07675260727974655
 389-6975,0.15170761982345252
 398-4383,0.1587735244298557
 394-5472,0.04306997607312421
 367-5080,0.06317945241782182
 415-7640,0.0801023991942132
 396-7938,0.10962157161449608
 343-4014,0.07462355579095059
 411-1450,0.12434156378090754
 385-8393,0.07871207489246348
 334-5429,0.10060499577040591
 351-2839,0.24383902021593207
 415-1527,0.029524328411305166
 336-2264,0.2859202222015615
 402-7333,0.09359906462658707
 388-4326,0.05474483665104202
 416-8998,0.059081603505577646
 367-5148,0.09356105934503359
 338-3883,0.7145297205547786
 368-6335,0.28331755601978903
 419-2467,0.05534644159478872
 414-9921,0.13174296846936395
 347-2481,0.11943348738814195
 376-2544,0.18441522988105274
 348-4821,0.10701647797601027
 408-8744,0.17363261049293435
 333-6431,0.23086751903101774
 358-2875,0.5562751953132715
 409-6092,0.1115645648461264
 342-4371,0.0873145207740761
 364-3331,0.016234299373977377
 404-1439,0.05903001321065084
 415-2123,0.07608921617072541
 334-3001,0.1184423795939937
 412-5379,0.09478725825518527
 348-8585,0.06921028690870837
 336-7727,0.27898582712769243
 336-1079,0.2483462014717449
 417-5848,0.07994772783595383
 419-9250,0.1559116471415167
 335-7325,0.08406720011772627
 345-9837,0.20414379977203467
 421-2652,0.2925663598199758
 331-7160,0.09055528068361962
 416-8527,0.08030479412657257
 409-9467,0.07423542963334255
 384-5440,0.044201920236315015
 352-2088,0.10019997510791635
 403-6518,0.1090176114408839
 412-6050,0.1193472593375376
 403-8791,0.03955517423256489
 337-4677,0.09882187618217655
 403-5421,0.4860325948691959
 361-4305,0.044507343258833106
 349-3935,0.23439848995059018
 372-4073,0.3697205813681872
 340-4491,0.16610853944408063
 358-4511,0.04796775378147219
 369-5325,0.0665443556965979
 406-9445,0.03551264838362152
 356-6569,0.23140996917688994
 369-2798,0.08243195741782032
 420-2042,0.10194076283194886
 389-9887,0.044991403675879664
 406-7671,0.04186788709429891
 341-9275,0.305229782237257
 361-5396,0.03184195658858078
 389-6407,0.09300416464144926
 383-5256,0.12637921354674367
 363-6514,0.04629771050764118
 366-7180,0.0338664651599667
 416-7124,0.41815401395352236
 360-5152,0.1377987740539142
 334-8660,0.06118256341715894
 330-8556,0.4809018910292736
 419-1982,0.3215339464457239
 376-7004,0.3699650499971694
 366-7433,0.1969866502204089
 361-4021,0.08842656532275814
 366-8192,0.02681823275619686
 360-2821,0.07036392111005221
 379-3484,0.36989373954166443
 403-8513,0.08547706689186559
 345-8355,0.15283322798924887
 398-5944,0.20533351944910944
 339-2838,0.23329066359340145
 350-7147,0.06809717917528785
 409-9439,0.19415065748465885
 364-2624,0.03599974235009011
 400-7992,0.1595991790481342
 381-8810,0.08913455553806211
 357-1102,0.13879867893984021
 378-2128,0.07183210861775934
 334-5912,0.10334554129653761
 395-9139,0.3840081124528796
 367-8983,0.12318232646233644
 388-1635,0.03958596246033715
 373-5950,0.19822680439160825
 353-4406,0.11755532784764003
 373-7237,0.13836500359683995
 374-1198,0.41378092087966034
 360-5514,0.08935116960952669
 338-6365,0.17299276276637224
 412-5694,0.05873239489383712
 407-8340,0.12190445627880288
 386-8818,0.1794232491900747
 365-3109,0.10253079002518911
 359-3038,0.24947161758568573
 371-7202,0.02060464326347679
 420-7053,0.14216330882350822
 358-4500,0.0317848920875153
 413-2362,0.054026549786850786
 341-9349,0.14445710300185605
 412-6600,0.15161245708075674
 358-1235,0.1924935665086348
 331-4983,0.11638645580730468
 357-5946,0.8164366582799587
 417-7127,0.035521069510560645
 338-9678,0.0492013050325745
 406-7312,0.0760425611476388
 365-4747,0.25472436814725863
 329-8503,0.09096463009201324
 335-3391,0.13498568202984335
 420-6860,0.10350821902992927
 341-8645,0.07834179425185127
 411-2765,0.25354570861795434
 356-7381,0.027793037966206764
 363-2715,0.19986089478518404
 409-8074,0.02651275996350001
 357-1624,0.0836777065977167
 342-2543,0.26741885658723386
 347-4427,0.05391672968687034
 411-9580,0.06752311352272841
 338-1170,0.09097430569315605
 356-5217,0.28805464453996205
 389-4921,0.12539993828877807
 330-3162,0.1658172688727334
 408-8236,0.25001828998480563
 408-3742,0.1285237424760714
 360-8716,0.06360022326755714
 400-1731,0.083522741699705
 341-2423,0.1034467239699191
 344-6099,0.060242287952479226
 364-2584,0.17448806473633946
 397-4141,0.03710002006526498
 397-4475,0.13506350199469896
 407-6315,0.14195750595340825
 364-8203,0.21578181094055288
 410-3888,0.21272742265167346
 355-3630,0.11789536702242373
 411-9655,0.05745099268370916
 417-1886,0.04246168230738245
 365-8751,0.150886649131358
 334-9736,0.2641480542537059
 333-6861,0.08327683620803736
 394-2206,0.07752485549460092
 373-8058,0.042419445432091904
